user_id,snapshot_date,days_active_last_30,sessions_last_30,support_tickets_last_30,payments_failed_last_90,avg_session_duration,feature_usage_score,last_login_days_ago
1,2026-04-24,16,32,1.0,0,29.15,48.16,10
2,2026-04-24,8,22,3.0,1,21.69,16.65,15
3,2026-04-24,3,7,2.0,0,15.29,12.35,8
4,2026-04-24,5,14,,1,,23.36,27
5,2026-04-24,8,9,,2,36.41,31.72,13
6,2026-04-24,16,33,0.0,1,26.47,52.48,8
7,2026-04-24,13,14,1.0,2,41.46,46.74,9
8,2026-04-24,6,15,2.0,1,37.19,20.33,18
9,2026-04-24,10,26,0.0,0,35.55,33.63,7
10,2026-04-24,1,2,6.0,0,33.5,2.83,12
11,2026-04-24,5,5,1.0,1,14.52,13.45,22
12,2026-04-24,9,21,1.0,0,27.5,36.48,19
13,2026-04-24,4,3,0.0,1,29.27,10.51,16
14,2026-04-24,3,12,0.0,0,25.63,8.46,14
15,2026-04-24,24,31,1.0,0,55.87,72.03,5
16,2026-04-24,14,21,3.0,0,28.9,41.77,14
17,2026-04-24,6,16,2.0,1,24.51,27.22,14
18,2026-04-24,15,36,1.0,0,35.87,44.61,15
19,2026-04-24,16,23,2.0,1,33.23,,7
20,2026-04-24,17,43,2.0,0,25.33,44.31,7
21,2026-04-24,25,70,1.0,0,41.21,67.75,6
22,2026-04-24,9,18,3.0,1,23.81,29.84,17
23,2026-04-24,13,38,0.0,0,41.93,34.91,12
24,2026-04-24,15,26,,0,33.42,52.98,13
25,2026-04-24,11,17,0.0,0,34.34,24.66,12
26,2026-04-24,25,83,0.0,0,53.86,83.4,16
27,2026-04-24,16,57,0.0,2,27.98,50.78,12
28,2026-04-24,14,22,0.0,3,33.69,,10
29,2026-04-24,7,23,3.0,1,,23.24,13
30,2026-04-24,8,11,0.0,0,33.99,28.29,19
31,2026-04-24,11,28,1.0,0,27.37,32.18,12
32,2026-04-24,20,58,2.0,0,33.14,71.55,7
33,2026-04-24,17,38,1.0,3,45.69,59.27,6
34,2026-04-24,9,16,0.0,0,26.75,23.32,12
35,2026-04-24,22,59,1.0,0,45.18,75.22,5
36,2026-04-24,20,27,0.0,0,38.82,52.74,11
37,2026-04-24,3,16,1.0,0,27.57,0.0,11
38,2026-04-24,12,19,3.0,1,47.1,24.69,10
39,2026-04-24,19,33,2.0,0,37.84,62.7,9
40,2026-04-24,7,26,0.0,1,29.59,28.84,13
41,2026-04-24,1,3,0.0,2,10.04,5.5,13
42,2026-04-24,23,56,0.0,1,54.25,75.61,10
43,2026-04-24,9,15,1.0,0,32.69,27.2,16
44,2026-04-24,19,21,2.0,0,30.91,37.22,9
45,2026-04-24,3,5,2.0,2,24.15,7.34,17
46,2026-04-24,19,28,0.0,1,38.19,49.24,7
47,2026-04-24,12,26,2.0,1,23.47,33.61,6
48,2026-04-24,9,27,4.0,0,40.31,28.52,13
49,2026-04-24,27,81,0.0,0,52.93,74.68,5
50,2026-04-24,11,27,1.0,1,35.57,17.73,23
51,2026-04-24,13,17,1.0,0,29.08,41.12,9
52,2026-04-24,13,41,1.0,1,30.42,41.47,14
53,2026-04-24,21,66,1.0,0,42.8,60.36,8
54,2026-04-24,5,13,2.0,1,31.27,21.46,7
55,2026-04-24,12,44,1.0,0,34.86,49.41,12
56,2026-04-24,5,8,4.0,0,15.77,11.92,15
57,2026-04-24,10,18,5.0,0,35.8,33.41,14
58,2026-04-24,13,34,1.0,0,23.72,41.5,13
59,2026-04-24,14,28,1.0,0,,30.45,12
60,2026-04-24,14,33,2.0,0,35.06,49.24,15
61,2026-04-24,14,32,0.0,0,22.88,48.91,14
62,2026-04-24,24,45,0.0,1,33.18,77.72,5
63,2026-04-24,9,21,1.0,2,41.31,26.61,16
64,2026-04-24,2,8,0.0,1,33.54,3.55,19
65,2026-04-24,10,6,1.0,0,45.91,33.18,16
66,2026-04-24,14,54,0.0,0,36.95,50.92,11
67,2026-04-24,7,19,0.0,0,32.85,30.32,13
68,2026-04-24,9,16,3.0,1,31.3,29.44,13
69,2026-04-24,14,16,0.0,0,26.97,36.0,13
70,2026-04-24,22,59,0.0,2,49.32,63.56,7
71,2026-04-24,11,32,1.0,0,43.55,39.01,7
72,2026-04-24,19,41,0.0,0,42.98,52.71,6
73,2026-04-24,21,34,1.0,0,35.88,77.76,10
74,2026-04-24,4,8,3.0,1,27.88,18.7,16
75,2026-04-24,15,44,0.0,1,25.84,31.87,7
76,2026-04-24,15,23,1.0,1,31.18,42.64,9
77,2026-04-24,6,249,0.0,0,233.11,32.3,15
78,2026-04-24,15,51,1.0,1,26.29,49.04,12
79,2026-04-24,3,1,0.0,0,40.33,3.72,8
80,2026-04-24,4,11,,0,32.46,,17
81,2026-04-24,15,65,2.0,0,33.27,50.82,15
82,2026-04-24,4,15,1.0,0,25.5,20.72,17
83,2026-04-24,16,41,1.0,1,34.89,50.79,8
84,2026-04-24,18,30,0.0,2,35.66,52.95,9
85,2026-04-24,8,19,2.0,2,30.66,35.2,11
86,2026-04-24,19,45,2.0,1,31.05,54.34,12
87,2026-04-24,11,18,0.0,0,23.57,33.81,14
88,2026-04-24,10,14,0.0,0,31.27,34.43,9
89,2026-04-24,6,3,1.0,0,13.94,16.43,23
90,2026-04-24,19,16,0.0,0,24.82,,11
91,2026-04-24,22,62,0.0,1,33.32,,7
92,2026-04-24,13,27,0.0,0,46.99,44.73,17
93,2026-04-24,12,19,1.0,0,35.7,46.05,17
94,2026-04-24,12,9,0.0,0,38.94,40.73,9
95,2026-04-24,11,21,,0,34.64,40.84,12
96,2026-04-24,20,42,0.0,0,45.92,56.18,13
97,2026-04-24,16,35,0.0,1,41.84,49.66,10
98,2026-04-24,14,17,0.0,0,35.71,41.31,19
99,2026-04-24,22,55,1.0,0,52.43,69.22,10
100,2026-04-24,7,18,1.0,0,26.27,29.44,21
101,2026-04-24,4,9,3.0,1,34.78,32.64,25
102,2026-04-24,8,18,0.0,0,34.84,21.32,9
103,2026-04-24,21,53,0.0,0,36.16,61.63,5
104,2026-04-24,12,46,0.0,0,34.32,45.94,10
105,2026-04-24,14,37,5.0,0,16.41,35.46,13
106,2026-04-24,10,17,2.0,0,28.76,24.06,11
107,2026-04-24,11,16,3.0,0,27.31,38.37,18
108,2026-04-24,9,12,3.0,1,22.31,15.65,8
109,2026-04-24,15,45,0.0,1,31.0,48.16,9
110,2026-04-24,17,25,0.0,0,37.65,34.98,7
111,2026-04-24,6,11,2.0,0,16.18,,17
112,2026-04-24,21,36,0.0,1,57.76,71.64,5
113,2026-04-24,8,23,0.0,2,33.29,35.75,17
114,2026-04-24,18,25,1.0,0,30.4,56.71,8
115,2026-04-24,15,38,1.0,1,37.24,43.07,12
116,2026-04-24,20,50,0.0,0,44.69,64.53,6
117,2026-04-24,7,21,2.0,2,25.67,20.99,11
118,2026-04-24,18,38,,0,29.3,51.45,10
119,2026-04-24,17,28,0.0,0,57.74,56.71,16
120,2026-04-24,7,16,0.0,0,32.84,29.76,14
121,2026-04-24,10,27,0.0,1,15.57,18.82,17
122,2026-04-24,7,27,1.0,1,32.87,25.49,12
123,2026-04-24,12,35,1.0,0,31.98,41.4,10
124,2026-04-24,14,24,0.0,0,31.28,30.9,13
125,2026-04-24,3,10,2.0,1,12.84,4.08,18
126,2026-04-24,9,14,1.0,3,30.57,26.92,21
127,2026-04-24,15,56,0.0,1,24.35,51.97,11
128,2026-04-24,16,50,0.0,0,,54.52,6
129,2026-04-24,11,18,1.0,0,38.42,41.67,13
130,2026-04-24,17,24,1.0,1,34.38,52.26,9
131,2026-04-24,25,58,1.0,0,43.34,89.93,7
132,2026-04-24,12,32,0.0,0,41.28,39.76,13
133,2026-04-24,18,42,1.0,1,32.99,60.34,10
134,2026-04-24,6,19,1.0,1,22.75,20.89,24
135,2026-04-24,6,9,2.0,0,15.53,,12
136,2026-04-24,23,46,0.0,1,36.76,76.53,4
137,2026-04-24,10,26,1.0,1,27.55,26.12,14
138,2026-04-24,16,24,0.0,0,41.76,52.14,8
139,2026-04-24,1,1,1.0,0,13.89,3.09,20
140,2026-04-24,17,38,1.0,1,46.72,66.99,9
141,2026-04-24,6,8,1.0,2,23.58,8.57,16
142,2026-04-24,20,66,,0,28.84,72.93,6
143,2026-04-24,20,50,1.0,0,36.68,61.17,7
144,2026-04-24,19,23,0.0,0,48.08,42.67,8
145,2026-04-24,12,44,1.0,0,18.47,40.97,24
146,2026-04-24,18,194,0.0,4,,62.96,10
147,2026-04-24,8,22,4.0,0,24.88,39.52,16
148,2026-04-24,16,25,0.0,0,24.85,54.48,11
149,2026-04-24,23,42,0.0,0,46.25,,7
150,2026-04-24,14,31,0.0,3,44.57,43.54,14
151,2026-04-24,7,14,2.0,0,26.14,28.35,12
152,2026-04-24,22,35,2.0,0,42.77,59.05,10
153,2026-04-24,7,23,2.0,0,44.21,,20
154,2026-04-24,4,18,1.0,0,,18.02,23
155,2026-04-24,17,41,0.0,1,56.76,52.69,10
156,2026-04-24,14,50,3.0,1,42.97,57.17,11
157,2026-04-24,17,16,1.0,0,35.8,51.56,10
158,2026-04-24,16,29,2.0,0,37.14,46.51,9
159,2026-04-24,22,52,0.0,2,39.18,62.06,7
160,2026-04-24,10,24,3.0,1,34.87,40.58,14
161,2026-04-24,18,29,1.0,0,43.4,64.31,5
162,2026-04-24,21,70,2.0,0,41.79,81.18,7
163,2026-04-24,19,27,1.0,0,27.99,56.29,15
164,2026-04-24,22,45,2.0,0,46.75,55.04,3
165,2026-04-24,15,36,0.0,1,41.68,,13
166,2026-04-24,23,58,1.0,0,31.21,77.88,10
167,2026-04-24,13,30,0.0,1,33.76,41.61,9
168,2026-04-24,21,34,1.0,0,44.36,53.86,8
169,2026-04-24,18,50,0.0,0,46.63,55.33,11
170,2026-04-24,10,20,1.0,0,25.44,48.54,21
171,2026-04-24,7,17,1.0,0,30.98,12.76,13
172,2026-04-24,14,12,1.0,1,33.18,32.28,9
173,2026-04-24,21,45,3.0,0,40.02,58.99,10
174,2026-04-24,15,22,1.0,0,25.69,40.17,12
175,2026-04-24,24,41,,1,13.85,81.98,7
176,2026-04-24,14,18,1.0,0,29.8,50.09,9
177,2026-04-24,13,18,0.0,0,41.96,,14
178,2026-04-24,15,36,1.0,1,37.03,48.0,5
179,2026-04-24,3,4,2.0,0,28.44,6.12,17
180,2026-04-24,4,16,1.0,0,32.63,20.52,17
181,2026-04-24,23,55,2.0,1,41.46,75.08,2
182,2026-04-24,15,32,0.0,0,,44.61,9
183,2026-04-24,18,27,2.0,1,16.06,47.52,14
184,2026-04-24,12,37,1.0,0,18.9,32.44,21
185,2026-04-24,9,8,1.0,1,19.03,23.1,15
186,2026-04-24,18,23,1.0,0,48.41,52.39,7
187,2026-04-24,21,49,2.0,0,40.89,69.13,9
188,2026-04-24,9,25,3.0,0,25.92,32.83,16
189,2026-04-24,12,37,0.0,0,30.5,39.59,10
190,2026-04-24,22,40,1.0,0,36.43,68.64,7
191,2026-04-24,13,33,1.0,0,40.61,48.42,13
192,2026-04-24,8,12,3.0,0,28.52,18.45,8
193,2026-04-24,11,24,0.0,0,43.82,39.93,17
194,2026-04-24,8,17,0.0,0,11.75,31.0,12
195,2026-04-24,23,49,0.0,0,47.36,69.7,10
196,2026-04-24,20,34,1.0,0,39.0,54.85,4
197,2026-04-24,14,43,0.0,1,35.73,49.45,6
198,2026-04-24,20,39,0.0,1,,53.25,16
199,2026-04-24,11,24,2.0,1,30.15,37.13,19
200,2026-04-24,21,69,1.0,2,51.05,77.16,7
201,2026-04-24,5,12,1.0,2,14.13,23.17,13
202,2026-04-24,10,18,1.0,0,30.66,30.43,12
203,2026-04-24,12,34,0.0,0,19.91,30.16,13
204,2026-04-24,16,187,4.0,1,316.51,49.34,8
205,2026-04-24,14,26,0.0,0,36.42,52.17,11
206,2026-04-24,17,36,1.0,0,46.57,52.17,8
207,2026-04-24,6,24,0.0,0,17.23,16.96,18
208,2026-04-24,19,41,1.0,1,31.31,51.33,14
209,2026-04-24,15,35,0.0,1,33.29,55.49,11
210,2026-04-24,10,27,0.0,1,32.55,37.84,10
211,2026-04-24,10,9,2.0,0,18.92,15.23,18
212,2026-04-24,8,24,1.0,1,14.86,29.47,15
213,2026-04-24,6,11,1.0,1,19.39,21.96,17
214,2026-04-24,11,12,0.0,0,,39.92,10
215,2026-04-24,7,19,1.0,0,27.5,23.0,8
216,2026-04-24,5,12,1.0,1,29.32,15.76,14
217,2026-04-24,15,33,2.0,0,41.34,46.32,13
218,2026-04-24,22,51,1.0,0,42.85,69.31,12
219,2026-04-24,6,9,0.0,0,12.44,17.64,16
220,2026-04-24,21,49,1.0,0,45.31,69.1,6
221,2026-04-24,17,44,1.0,0,35.79,45.19,8
222,2026-04-24,21,59,1.0,0,42.93,74.51,6
223,2026-04-24,3,5,0.0,0,34.64,7.4,14
224,2026-04-24,12,30,0.0,0,36.78,33.92,12
225,2026-04-24,23,48,2.0,1,41.81,62.3,6
226,2026-04-24,22,30,1.0,1,42.28,69.67,5
227,2026-04-24,17,26,0.0,0,44.79,41.04,13
228,2026-04-24,9,16,0.0,0,26.45,29.73,21
229,2026-04-24,27,68,0.0,0,39.01,82.03,7
230,2026-04-24,13,19,1.0,0,34.09,49.88,14
231,2026-04-24,23,49,3.0,0,31.56,78.4,9
232,2026-04-24,21,38,0.0,0,42.87,62.96,9
233,2026-04-24,16,25,0.0,1,36.48,50.09,11
234,2026-04-24,17,56,0.0,0,40.9,62.38,14
235,2026-04-24,15,41,1.0,1,31.45,46.85,7
236,2026-04-24,24,82,2.0,0,54.14,76.6,5
237,2026-04-24,6,13,1.0,1,29.65,5.26,11
238,2026-04-24,26,43,2.0,0,,77.34,7
239,2026-04-24,4,6,,1,25.33,17.44,14
240,2026-04-24,14,27,1.0,0,43.42,35.43,10
241,2026-04-24,25,89,1.0,1,43.58,90.74,9
242,2026-04-24,7,26,1.0,2,20.49,17.0,9
243,2026-04-24,24,27,2.0,0,46.34,68.46,9
244,2026-04-24,8,16,0.0,0,34.33,38.21,13
245,2026-04-24,9,22,3.0,0,32.17,27.24,11
246,2026-04-24,19,51,3.0,0,41.74,48.92,12
247,2026-04-24,14,22,0.0,0,28.67,33.95,11
248,2026-04-24,20,50,4.0,1,21.91,,10
249,2026-04-24,28,59,1.0,1,43.34,89.56,3
250,2026-04-24,5,13,3.0,0,27.26,14.13,16
251,2026-04-24,17,43,2.0,0,25.99,45.72,6
252,2026-04-24,7,13,2.0,0,9.79,8.68,11
253,2026-04-24,21,59,4.0,0,40.42,65.23,14
254,2026-04-24,6,7,0.0,0,22.04,15.67,22
255,2026-04-24,24,71,1.0,0,28.14,,6
256,2026-04-24,20,38,1.0,0,43.17,73.25,6
257,2026-04-24,18,42,0.0,1,26.33,32.84,12
258,2026-04-24,19,33,0.0,0,52.41,46.33,8
259,2026-04-24,8,19,2.0,1,31.01,31.19,14
260,2026-04-24,3,5,0.0,0,27.43,8.57,14
261,2026-04-24,7,21,2.0,1,25.33,19.22,12
262,2026-04-24,8,10,2.0,0,22.08,24.51,12
263,2026-04-24,12,21,2.0,0,30.88,42.18,16
264,2026-04-24,20,53,0.0,0,51.98,62.13,12
265,2026-04-24,5,6,0.0,1,33.62,16.55,14
266,2026-04-24,18,41,2.0,1,28.18,58.97,10
267,2026-04-24,3,6,2.0,0,12.0,11.03,15
268,2026-04-24,23,191,0.0,1,393.34,72.43,8
269,2026-04-24,12,41,2.0,3,39.32,35.95,15
270,2026-04-24,11,21,1.0,0,15.56,34.05,12
271,2026-04-24,12,37,1.0,1,38.75,46.57,10
272,2026-04-24,13,37,2.0,0,39.04,47.01,14
273,2026-04-24,15,28,1.0,0,36.03,44.68,6
274,2026-04-24,6,144,1.0,0,238.83,19.35,14
275,2026-04-24,19,31,2.0,2,44.26,46.12,11
276,2026-04-24,12,36,0.0,0,28.41,27.95,9
277,2026-04-24,2,5,,1,11.33,8.29,18
278,2026-04-24,18,29,1.0,0,24.17,49.81,8
279,2026-04-24,16,28,0.0,1,20.99,39.96,15
280,2026-04-24,3,3,1.0,1,33.76,12.01,13
281,2026-04-24,11,35,2.0,0,42.37,36.17,12
282,2026-04-24,1,0,2.0,1,30.85,17.61,19
283,2026-04-24,21,45,1.0,0,,71.89,8
284,2026-04-24,10,37,2.0,1,14.24,33.39,13
285,2026-04-24,11,35,0.0,0,23.68,44.46,20
286,2026-04-24,12,21,2.0,1,24.38,33.81,14
287,2026-04-24,25,42,1.0,0,44.14,80.46,8
288,2026-04-24,2,4,3.0,0,,7.96,13
289,2026-04-24,23,54,0.0,0,57.92,75.95,3
290,2026-04-24,22,39,,0,37.28,56.5,4
291,2026-04-24,14,34,0.0,1,16.41,42.44,9
292,2026-04-24,16,39,1.0,1,26.42,39.44,10
293,2026-04-24,15,19,2.0,1,42.89,39.71,9
294,2026-04-24,7,9,4.0,0,26.77,15.42,17
295,2026-04-24,14,33,,0,32.68,43.98,18
296,2026-04-24,17,29,1.0,0,33.59,42.26,11
297,2026-04-24,18,36,0.0,0,33.56,61.03,13
298,2026-04-24,23,41,1.0,0,35.98,75.11,11
299,2026-04-24,8,12,1.0,1,42.24,31.75,14
300,2026-04-24,18,15,0.0,1,52.77,61.33,8
301,2026-04-24,23,71,0.0,0,41.07,82.06,4
302,2026-04-24,10,29,0.0,0,17.81,42.36,7
303,2026-04-24,25,34,2.0,0,44.27,69.72,6
304,2026-04-24,23,47,1.0,0,47.41,74.58,5
305,2026-04-24,25,32,0.0,0,48.39,66.68,7
306,2026-04-24,17,45,0.0,0,48.98,65.32,16
307,2026-04-24,15,43,1.0,0,27.58,76.13,13
308,2026-04-24,17,41,1.0,0,43.07,54.3,9
309,2026-04-24,16,22,1.0,0,34.81,50.42,19
310,2026-04-24,20,40,2.0,0,48.67,68.66,6
311,2026-04-24,15,28,0.0,0,35.57,52.16,10
312,2026-04-24,13,29,1.0,0,40.79,40.92,17
313,2026-04-24,16,26,0.0,1,17.08,51.99,4
314,2026-04-24,25,59,1.0,0,45.22,67.63,6
315,2026-04-24,7,10,0.0,2,21.89,18.21,18
316,2026-04-24,12,12,1.0,2,27.73,30.62,10
317,2026-04-24,19,49,1.0,0,47.64,61.69,17
318,2026-04-24,17,44,0.0,1,33.04,56.57,11
319,2026-04-24,2,5,2.0,0,13.19,9.07,19
320,2026-04-24,22,50,1.0,1,38.58,72.53,8
321,2026-04-24,17,45,0.0,1,26.81,44.25,8
322,2026-04-24,23,30,0.0,0,31.6,58.41,9
323,2026-04-24,11,23,1.0,1,31.5,29.92,11
324,2026-04-24,16,42,0.0,1,37.58,49.98,18
325,2026-04-24,22,40,1.0,1,42.64,70.01,9
326,2026-04-24,11,33,0.0,0,27.15,39.57,12
327,2026-04-24,16,37,1.0,1,30.86,55.53,10
328,2026-04-24,3,6,1.0,1,24.11,12.47,24
329,2026-04-24,12,20,0.0,1,28.0,31.06,15
330,2026-04-24,11,36,3.0,0,28.67,31.54,22
331,2026-04-24,7,15,0.0,1,24.48,28.27,16
332,2026-04-24,9,13,0.0,1,32.93,26.34,12
333,2026-04-24,26,44,2.0,0,37.4,81.91,3
334,2026-04-24,7,11,3.0,0,23.13,17.53,13
335,2026-04-24,19,48,0.0,0,37.97,61.43,13
336,2026-04-24,7,22,1.0,0,,34.33,15
337,2026-04-24,14,15,0.0,0,43.96,43.11,12
338,2026-04-24,21,39,0.0,0,32.16,73.86,6
339,2026-04-24,15,44,1.0,0,15.53,42.34,11
340,2026-04-24,24,58,2.0,0,35.45,70.28,4
341,2026-04-24,26,26,,1,34.46,59.04,10
342,2026-04-24,10,38,2.0,2,6.62,43.96,9
343,2026-04-24,16,34,3.0,1,49.41,47.82,14
344,2026-04-24,5,14,2.0,0,27.98,7.0,10
345,2026-04-24,7,14,2.0,1,32.73,15.88,14
346,2026-04-24,7,14,0.0,0,26.33,30.16,18
347,2026-04-24,18,23,1.0,1,44.11,45.61,10
348,2026-04-24,2,1,1.0,0,20.83,12.77,15
349,2026-04-24,17,18,0.0,0,,46.55,12
350,2026-04-24,22,57,1.0,2,44.61,69.35,7
351,2026-04-24,8,24,2.0,1,29.54,26.19,8
352,2026-04-24,8,5,1.0,0,27.97,17.19,17
353,2026-04-24,17,41,2.0,1,47.35,48.36,16
354,2026-04-24,15,29,0.0,0,37.72,51.14,8
355,2026-04-24,9,13,3.0,1,23.32,29.49,14
356,2026-04-24,18,30,0.0,0,40.7,55.78,7
357,2026-04-24,20,29,0.0,0,45.66,58.92,7
358,2026-04-24,7,19,1.0,0,31.22,35.43,12
359,2026-04-24,5,8,1.0,0,,16.97,18
360,2026-04-24,12,30,0.0,0,21.83,33.09,8
361,2026-04-24,13,52,1.0,0,29.08,33.56,10
362,2026-04-24,23,48,1.0,1,32.29,73.7,7
363,2026-04-24,5,16,0.0,0,24.22,15.42,17
364,2026-04-24,17,24,0.0,1,30.99,51.55,14
365,2026-04-24,13,21,0.0,2,44.82,44.93,11
366,2026-04-24,6,9,1.0,1,37.65,15.58,8
367,2026-04-24,22,51,,0,32.48,69.67,12
368,2026-04-24,19,49,0.0,0,41.77,72.1,6
369,2026-04-24,9,30,0.0,1,31.63,42.44,9
370,2026-04-24,15,37,0.0,1,39.8,,8
371,2026-04-24,9,24,1.0,1,29.78,39.79,14
372,2026-04-24,15,39,1.0,0,32.92,39.36,10
373,2026-04-24,6,24,1.0,1,24.29,12.57,15
374,2026-04-24,18,47,2.0,1,35.5,53.11,14
375,2026-04-24,9,12,0.0,0,40.79,34.57,15
376,2026-04-24,22,57,1.0,0,37.75,77.61,10
377,2026-04-24,5,4,1.0,0,,8.85,21
378,2026-04-24,15,52,1.0,0,36.22,44.14,12
379,2026-04-24,16,49,0.0,0,42.26,48.6,8
380,2026-04-24,17,34,1.0,0,31.21,46.58,11
381,2026-04-24,16,25,1.0,1,45.72,50.93,7
382,2026-04-24,5,12,2.0,0,8.8,24.26,16
383,2026-04-24,13,38,1.0,0,24.56,44.93,14
384,2026-04-24,13,39,0.0,0,,41.38,13
385,2026-04-24,8,16,1.0,0,25.44,31.68,16
386,2026-04-24,21,54,0.0,0,34.06,70.78,8
387,2026-04-24,7,12,1.0,1,23.45,36.88,18
388,2026-04-24,6,7,3.0,2,26.27,21.23,15
389,2026-04-24,6,7,2.0,0,27.59,23.5,10
390,2026-04-24,8,10,0.0,1,37.81,29.65,13
391,2026-04-24,3,13,1.0,1,22.65,16.44,15
392,2026-04-24,10,16,0.0,0,36.1,,9
393,2026-04-24,22,48,0.0,1,32.72,77.96,11
394,2026-04-24,20,53,1.0,0,38.8,62.6,14
395,2026-04-24,20,24,0.0,0,52.58,55.43,9
396,2026-04-24,13,42,1.0,0,38.91,43.74,10
397,2026-04-24,16,21,0.0,0,45.28,49.98,6
398,2026-04-24,22,56,0.0,1,37.61,69.2,10
399,2026-04-24,6,8,0.0,0,,13.39,16
400,2026-04-24,15,45,1.0,0,30.85,47.55,16
401,2026-04-24,6,15,,1,,23.53,21
402,2026-04-24,15,28,2.0,0,48.72,49.85,9
403,2026-04-24,13,26,,2,25.22,35.2,15
404,2026-04-24,15,33,1.0,0,23.0,58.62,11
405,2026-04-24,12,25,0.0,1,41.85,16.27,19
406,2026-04-24,19,33,1.0,0,44.12,58.63,9
407,2026-04-24,11,14,1.0,0,26.14,27.61,13
408,2026-04-24,3,11,2.0,2,19.82,22.46,18
409,2026-04-24,8,16,1.0,0,12.87,28.09,18
410,2026-04-24,18,20,,0,43.2,58.73,16
411,2026-04-24,10,22,3.0,0,24.53,31.03,14
412,2026-04-24,19,40,0.0,1,34.72,51.74,9
413,2026-04-24,8,16,1.0,0,29.58,38.33,18
414,2026-04-24,20,146,1.0,0,300.81,,7
415,2026-04-24,20,156,1.0,0,344.73,61.86,4
416,2026-04-24,8,12,2.0,0,34.08,36.01,20
417,2026-04-24,7,10,0.0,1,28.26,21.72,16
418,2026-04-24,12,18,1.0,1,30.04,33.59,13
419,2026-04-24,22,54,0.0,0,41.64,66.79,6
420,2026-04-24,4,5,1.0,0,,20.45,11
421,2026-04-24,15,41,3.0,0,34.94,48.09,9
422,2026-04-24,4,11,0.0,0,33.18,18.41,9
423,2026-04-24,2,4,1.0,1,22.07,6.89,14
424,2026-04-24,8,22,2.0,0,40.21,23.18,14
425,2026-04-24,11,35,0.0,0,23.63,37.94,12
426,2026-04-24,21,43,0.0,0,38.54,,13
427,2026-04-24,9,18,1.0,0,47.9,29.12,11
428,2026-04-24,15,42,1.0,0,31.18,48.96,11
429,2026-04-24,21,46,0.0,0,46.23,64.19,6
430,2026-04-24,10,13,2.0,0,32.27,40.22,18
431,2026-04-24,8,9,0.0,0,21.64,9.91,13
432,2026-04-24,8,9,0.0,1,37.27,25.84,14
433,2026-04-24,10,31,2.0,0,36.08,35.41,15
434,2026-04-24,14,19,2.0,0,27.68,47.21,10
435,2026-04-24,6,2,0.0,0,30.02,12.39,15
436,2026-04-24,8,11,1.0,2,23.0,22.56,10
437,2026-04-24,11,44,0.0,1,41.91,,9
438,2026-04-24,15,37,4.0,0,47.1,41.75,12
439,2026-04-24,17,32,,1,56.39,52.58,13
440,2026-04-24,14,56,3.0,0,39.68,61.91,9
441,2026-04-24,16,38,0.0,0,26.96,56.77,12
442,2026-04-24,25,64,1.0,1,43.34,71.41,7
443,2026-04-24,5,10,2.0,0,16.24,6.43,20
444,2026-04-24,7,15,0.0,0,48.54,29.54,11
445,2026-04-24,13,38,1.0,1,46.75,36.36,10
446,2026-04-24,11,38,0.0,0,38.42,37.03,13
447,2026-04-24,8,20,0.0,0,36.36,29.76,14
448,2026-04-24,12,15,1.0,0,24.82,22.39,12
449,2026-04-24,6,24,2.0,1,15.13,18.12,21
450,2026-04-24,7,16,2.0,2,12.83,19.56,10
451,2026-04-24,8,12,1.0,1,26.85,22.69,15
452,2026-04-24,13,22,1.0,0,26.01,38.44,6
453,2026-04-24,11,32,2.0,0,36.2,34.49,14
454,2026-04-24,30,62,0.0,0,46.93,,4
455,2026-04-24,11,39,1.0,0,40.5,41.5,10
456,2026-04-24,13,26,1.0,0,40.94,37.8,15
457,2026-04-24,3,10,2.0,0,10.0,5.49,20
458,2026-04-24,13,38,2.0,1,38.35,45.3,16
459,2026-04-24,25,57,1.0,0,44.58,71.8,11
460,2026-04-24,9,26,,1,34.85,30.94,19
461,2026-04-24,21,46,0.0,2,46.77,63.1,4
462,2026-04-24,15,45,4.0,0,,50.76,11
463,2026-04-24,17,29,,2,38.48,53.87,12
464,2026-04-24,16,32,1.0,1,39.69,51.62,12
465,2026-04-24,17,44,1.0,0,48.5,56.74,14
466,2026-04-24,0,0,0.0,1,8.16,8.65,16
467,2026-04-24,4,4,1.0,0,12.88,3.24,19
468,2026-04-24,13,36,0.0,0,28.84,,12
469,2026-04-24,18,33,2.0,1,32.75,69.75,11
470,2026-04-24,19,63,0.0,0,35.29,62.97,7
471,2026-04-24,12,17,0.0,0,31.43,41.06,15
472,2026-04-24,10,34,1.0,0,29.28,36.27,11
473,2026-04-24,17,52,1.0,0,32.68,49.6,7
474,2026-04-24,12,35,3.0,1,33.74,21.41,11
475,2026-04-24,28,57,0.0,1,55.15,88.7,9
476,2026-04-24,9,14,1.0,1,27.54,26.45,14
477,2026-04-24,4,18,0.0,1,22.34,12.86,18
478,2026-04-24,11,22,0.0,1,28.44,24.82,6
479,2026-04-24,18,55,0.0,0,41.14,63.34,9
480,2026-04-24,16,57,0.0,1,59.92,51.62,9
481,2026-04-24,22,30,0.0,0,31.34,63.52,5
482,2026-04-24,13,29,2.0,0,20.34,31.79,13
483,2026-04-24,21,39,1.0,0,30.27,58.74,8
484,2026-04-24,13,30,2.0,2,35.61,44.17,10
485,2026-04-24,15,22,1.0,1,38.02,49.6,10
486,2026-04-24,5,17,1.0,0,18.97,12.45,16
487,2026-04-24,15,19,3.0,1,44.94,52.68,10
488,2026-04-24,26,82,,0,51.46,86.48,7
489,2026-04-24,5,13,1.0,0,35.51,32.7,15
490,2026-04-24,3,6,2.0,0,33.39,9.05,11
491,2026-04-24,28,76,1.0,0,33.55,81.79,6
492,2026-04-24,16,48,,0,44.1,61.12,12
493,2026-04-24,18,43,1.0,0,28.49,59.84,11
494,2026-04-24,24,44,1.0,1,46.95,79.49,9
495,2026-04-24,25,54,2.0,1,42.13,74.17,4
496,2026-04-24,11,252,0.0,0,215.64,43.24,13
497,2026-04-24,5,21,1.0,0,14.8,17.72,14
498,2026-04-24,21,45,1.0,0,50.7,72.22,6
499,2026-04-24,8,10,1.0,1,17.65,21.32,18
500,2026-04-24,5,17,0.0,0,,23.34,19
501,2026-04-24,24,41,0.0,0,,75.45,10
502,2026-04-24,4,17,3.0,0,26.2,24.69,12
503,2026-04-24,13,29,0.0,1,45.53,42.81,8
504,2026-04-24,24,35,0.0,0,63.5,50.37,6
505,2026-04-24,2,8,1.0,1,9.16,9.24,21
506,2026-04-24,19,46,0.0,0,41.03,66.72,5
507,2026-04-24,3,8,1.0,0,17.95,8.41,16
508,2026-04-24,10,24,2.0,0,47.49,29.98,18
509,2026-04-24,4,6,2.0,1,23.44,19.75,13
510,2026-04-24,10,14,0.0,0,40.07,,21
511,2026-04-24,7,14,0.0,0,36.33,29.83,16
512,2026-04-24,9,24,0.0,1,15.69,15.94,17
513,2026-04-24,12,21,1.0,1,17.6,46.55,8
514,2026-04-24,8,17,1.0,2,20.92,19.07,15
515,2026-04-24,18,51,0.0,0,51.92,50.53,13
516,2026-04-24,1,1,0.0,3,28.06,25.48,19
517,2026-04-24,15,27,1.0,1,42.58,40.34,14
518,2026-04-24,3,6,1.0,1,13.37,12.28,18
519,2026-04-24,13,39,1.0,0,30.48,44.61,12
520,2026-04-24,8,16,,0,31.44,12.22,21
521,2026-04-24,6,15,2.0,0,20.46,,16
522,2026-04-24,21,34,4.0,0,34.93,50.59,7
523,2026-04-24,7,8,2.0,6,18.63,17.04,7
524,2026-04-24,2,3,2.0,0,27.07,6.98,11
525,2026-04-24,0,0,2.0,1,23.31,0.0,23
526,2026-04-24,15,36,2.0,1,40.2,49.5,10
527,2026-04-24,19,27,0.0,0,46.9,43.38,11
528,2026-04-24,24,71,0.0,0,41.85,76.02,5
529,2026-04-24,19,41,0.0,1,48.29,62.07,12
530,2026-04-24,4,9,0.0,0,23.54,22.63,15
531,2026-04-24,21,45,0.0,0,,75.75,7
532,2026-04-24,23,36,0.0,0,27.34,62.91,5
533,2026-04-24,22,60,1.0,0,37.03,69.9,3
534,2026-04-24,10,15,1.0,1,45.74,33.9,13
535,2026-04-24,16,47,0.0,1,43.18,51.84,16
536,2026-04-24,17,22,2.0,3,39.0,50.78,6
537,2026-04-24,12,23,1.0,1,20.57,37.02,13
538,2026-04-24,26,39,0.0,0,36.9,63.76,8
539,2026-04-24,5,10,,0,22.55,15.98,11
540,2026-04-24,7,12,1.0,0,24.77,14.24,19
541,2026-04-24,20,61,0.0,0,51.11,49.96,6
542,2026-04-24,11,20,0.0,1,37.37,,13
543,2026-04-24,2,1,1.0,0,28.15,18.32,11
544,2026-04-24,12,27,3.0,0,28.73,34.16,10
545,2026-04-24,17,42,1.0,0,45.65,50.66,19
546,2026-04-24,25,73,2.0,0,36.72,84.3,6
547,2026-04-24,14,28,0.0,1,19.89,37.01,12
548,2026-04-24,9,23,0.0,1,,40.11,11
549,2026-04-24,16,24,3.0,0,34.75,40.47,8
550,2026-04-24,16,53,4.0,0,22.99,56.2,7
551,2026-04-24,17,31,2.0,0,23.94,54.14,10
552,2026-04-24,1,6,4.0,0,29.54,9.99,17
553,2026-04-24,7,5,3.0,0,26.74,27.96,15
554,2026-04-24,4,16,3.0,1,27.95,16.74,24
555,2026-04-24,14,40,2.0,0,30.66,44.62,9
556,2026-04-24,16,57,,1,34.94,55.08,6
557,2026-04-24,12,22,2.0,0,29.07,34.09,11
558,2026-04-24,19,30,1.0,0,45.03,67.57,13
559,2026-04-24,23,69,0.0,0,45.09,75.62,8
560,2026-04-24,3,6,1.0,1,18.37,10.4,19
561,2026-04-24,15,27,0.0,0,33.08,44.22,13
562,2026-04-24,22,36,1.0,0,,66.77,5
563,2026-04-24,22,55,0.0,0,43.24,60.4,12
564,2026-04-24,21,38,0.0,0,35.44,66.64,10
565,2026-04-24,14,40,1.0,0,36.39,42.37,5
566,2026-04-24,22,35,0.0,1,37.95,72.54,9
567,2026-04-24,15,28,0.0,0,35.74,58.01,9
568,2026-04-24,15,54,1.0,0,46.01,46.41,11
569,2026-04-24,16,43,1.0,0,38.63,55.64,11
570,2026-04-24,10,28,2.0,2,46.27,40.62,20
571,2026-04-24,7,14,0.0,0,28.48,16.83,14
572,2026-04-24,18,38,2.0,2,33.81,37.99,6
573,2026-04-24,11,31,0.0,2,28.78,42.62,20
574,2026-04-24,23,56,2.0,0,42.41,68.62,4
575,2026-04-24,22,55,0.0,0,48.22,70.58,11
576,2026-04-24,5,9,0.0,1,17.65,18.12,18
577,2026-04-24,5,14,4.0,1,19.49,10.69,14
578,2026-04-24,6,9,1.0,0,19.13,35.64,16
579,2026-04-24,6,15,0.0,1,39.53,25.13,15
580,2026-04-24,20,67,0.0,0,28.2,73.44,10
581,2026-04-24,23,33,0.0,0,43.08,72.12,9
582,2026-04-24,8,16,2.0,1,12.3,28.49,16
583,2026-04-24,12,20,1.0,0,40.99,50.93,7
584,2026-04-24,12,32,1.0,1,26.81,33.7,9
585,2026-04-24,11,19,4.0,1,16.63,33.12,11
586,2026-04-24,11,12,,0,37.42,17.59,10
587,2026-04-24,13,43,1.0,0,13.66,44.67,14
588,2026-04-24,19,47,1.0,0,36.09,55.85,11
589,2026-04-24,17,58,1.0,0,38.27,55.4,14
590,2026-04-24,10,19,2.0,0,41.78,43.23,14
591,2026-04-24,27,78,2.0,0,35.36,,6
592,2026-04-24,25,28,,1,40.21,75.27,10
593,2026-04-24,14,26,0.0,0,50.51,53.73,7
594,2026-04-24,17,27,0.0,0,51.51,65.41,18
595,2026-04-24,12,23,0.0,0,43.16,38.49,9
596,2026-04-24,8,23,2.0,0,50.19,36.67,12
597,2026-04-24,21,125,0.0,0,402.94,70.9,12
598,2026-04-24,20,29,0.0,0,43.62,61.14,7
599,2026-04-24,7,21,1.0,1,19.1,7.95,8
600,2026-04-24,10,18,6.0,0,10.62,32.59,13
601,2026-04-24,21,56,1.0,0,43.82,73.62,13
602,2026-04-24,7,18,1.0,1,14.16,32.52,7
603,2026-04-24,19,38,,2,37.87,63.66,8
604,2026-04-24,18,57,1.0,0,20.69,54.2,13
605,2026-04-24,20,48,2.0,0,43.94,70.52,2
606,2026-04-24,12,28,1.0,0,22.81,31.15,16
607,2026-04-24,17,24,1.0,0,23.33,53.15,10
608,2026-04-24,8,30,1.0,2,30.04,17.31,18
609,2026-04-24,18,54,1.0,0,,64.95,8
610,2026-04-24,21,38,2.0,0,35.54,60.95,7
611,2026-04-24,22,36,1.0,0,,62.19,9
612,2026-04-24,3,4,0.0,0,35.35,16.11,22
613,2026-04-24,18,52,0.0,1,40.2,54.77,14
614,2026-04-24,16,39,2.0,0,27.15,,9
615,2026-04-24,6,18,1.0,1,11.99,25.41,17
616,2026-04-24,11,40,0.0,2,56.62,47.97,11
617,2026-04-24,5,9,2.0,0,43.07,8.67,18
618,2026-04-24,14,44,3.0,1,44.68,47.62,8
619,2026-04-24,5,7,3.0,0,15.0,8.49,21
620,2026-04-24,19,24,0.0,1,37.06,54.8,6
621,2026-04-24,16,17,1.0,0,35.32,33.18,13
622,2026-04-24,17,44,1.0,0,23.53,44.63,12
623,2026-04-24,14,17,1.0,0,,39.94,11
624,2026-04-24,18,37,2.0,1,52.93,67.09,9
625,2026-04-24,1,0,0.0,1,23.06,0.0,26
626,2026-04-24,18,26,,1,28.88,46.34,13
627,2026-04-24,6,17,4.0,0,,16.35,14
628,2026-04-24,17,20,,0,30.19,46.96,12
629,2026-04-24,10,15,0.0,0,12.96,35.79,14
630,2026-04-24,4,4,1.0,1,13.35,14.23,20
631,2026-04-24,12,40,0.0,0,23.63,28.27,14
632,2026-04-24,5,7,2.0,0,28.87,,17
633,2026-04-24,12,32,0.0,0,39.11,42.45,11
634,2026-04-24,6,16,0.0,0,38.34,27.63,17
635,2026-04-24,21,34,0.0,1,39.35,59.06,9
636,2026-04-24,13,25,0.0,0,28.4,30.26,12
637,2026-04-24,9,27,1.0,0,39.94,35.62,15
638,2026-04-24,21,40,0.0,0,51.16,73.65,8
639,2026-04-24,6,3,4.0,0,21.61,13.19,20
640,2026-04-24,17,53,0.0,0,36.98,53.27,6
641,2026-04-24,5,16,0.0,0,22.28,11.06,23
642,2026-04-24,11,19,0.0,0,24.61,25.6,13
643,2026-04-24,23,48,2.0,0,57.88,54.43,9
644,2026-04-24,13,22,0.0,1,29.37,40.06,10
645,2026-04-24,10,25,2.0,1,35.73,35.66,14
646,2026-04-24,3,5,3.0,0,10.83,14.47,20
647,2026-04-24,16,38,1.0,0,39.44,45.48,13
648,2026-04-24,15,20,3.0,1,31.43,58.33,13
649,2026-04-24,14,35,1.0,2,44.6,45.83,7
650,2026-04-24,5,6,0.0,0,47.94,26.63,17
651,2026-04-24,13,21,1.0,0,36.92,32.22,7
652,2026-04-24,24,52,1.0,0,44.2,60.17,12
653,2026-04-24,3,11,1.0,2,21.17,20.71,17
654,2026-04-24,19,50,1.0,0,39.02,55.03,5
655,2026-04-24,19,51,0.0,0,48.18,59.79,8
656,2026-04-24,12,23,1.0,1,31.4,36.01,7
657,2026-04-24,11,19,3.0,1,40.37,27.04,18
658,2026-04-24,13,48,2.0,1,24.75,44.57,12
659,2026-04-24,13,38,1.0,0,,48.74,13
660,2026-04-24,11,20,0.0,2,31.97,45.78,22
661,2026-04-24,15,40,0.0,1,32.4,58.01,14
662,2026-04-24,20,38,0.0,0,42.12,65.38,4
663,2026-04-24,4,9,0.0,0,28.61,17.52,16
664,2026-04-24,8,18,1.0,0,10.44,15.9,8
665,2026-04-24,27,40,,0,38.09,63.86,6
666,2026-04-24,15,55,2.0,0,20.0,51.71,12
667,2026-04-24,0,0,3.0,0,13.94,13.88,22
668,2026-04-24,15,35,1.0,1,29.51,44.96,11
669,2026-04-24,8,23,1.0,0,28.69,25.94,11
670,2026-04-24,6,15,3.0,0,16.17,24.83,17
671,2026-04-24,13,16,2.0,1,25.42,34.99,17
672,2026-04-24,23,72,0.0,2,56.22,74.21,7
673,2026-04-24,4,15,2.0,1,39.85,19.34,23
674,2026-04-24,8,24,5.0,1,,28.13,11
675,2026-04-24,10,19,1.0,0,36.8,31.17,18
676,2026-04-24,15,32,0.0,0,38.22,49.64,16
677,2026-04-24,1,1,1.0,1,7.32,2.87,13
678,2026-04-24,15,52,1.0,2,23.81,45.01,11
679,2026-04-24,20,33,1.0,0,15.37,67.79,5
680,2026-04-24,3,11,1.0,0,32.27,18.37,18
681,2026-04-24,17,16,,0,33.11,62.35,13
682,2026-04-24,14,37,2.0,0,34.89,41.27,12
683,2026-04-24,13,12,0.0,0,51.82,45.42,11
684,2026-04-24,5,19,1.0,0,39.19,16.15,11
685,2026-04-24,21,38,2.0,0,35.65,61.07,6
686,2026-04-24,14,15,1.0,0,28.01,52.21,20
687,2026-04-24,19,26,0.0,0,48.65,63.1,7
688,2026-04-24,9,16,1.0,0,19.21,,11
689,2026-04-24,3,11,2.0,1,30.89,6.04,22
690,2026-04-24,7,19,1.0,0,50.82,27.34,12
691,2026-04-24,5,10,3.0,0,36.43,25.83,20
692,2026-04-24,10,27,0.0,1,41.39,30.75,14
693,2026-04-24,18,23,1.0,0,,54.4,5
694,2026-04-24,12,29,1.0,0,25.63,31.06,13
695,2026-04-24,25,73,0.0,0,50.25,,4
696,2026-04-24,27,55,1.0,1,39.95,71.78,6
697,2026-04-24,11,16,2.0,1,41.09,43.08,16
698,2026-04-24,6,12,3.0,0,18.74,19.07,17
699,2026-04-24,13,60,2.0,1,39.46,46.05,12
700,2026-04-24,17,33,1.0,0,43.55,41.71,4
701,2026-04-24,12,30,1.0,1,26.83,45.11,11
702,2026-04-24,16,51,3.0,0,29.63,43.9,5
703,2026-04-24,10,32,1.0,1,30.15,29.18,10
704,2026-04-24,10,25,1.0,2,26.51,35.97,10
705,2026-04-24,16,41,1.0,3,40.4,55.2,8
706,2026-04-24,17,54,1.0,0,,62.15,9
707,2026-04-24,17,25,0.0,0,31.64,47.64,10
708,2026-04-24,21,73,1.0,0,51.8,88.53,15
709,2026-04-24,9,15,3.0,1,34.56,24.92,15
710,2026-04-24,15,48,2.0,1,31.04,41.6,4
711,2026-04-24,7,15,2.0,0,12.32,14.42,2
712,2026-04-24,11,25,2.0,0,42.39,33.37,13
713,2026-04-24,6,12,1.0,0,26.41,18.79,14
714,2026-04-24,8,13,0.0,0,42.58,,13
715,2026-04-24,19,63,0.0,0,36.89,55.5,11
716,2026-04-24,15,38,3.0,0,35.02,45.4,14
717,2026-04-24,28,49,0.0,0,48.25,80.87,8
718,2026-04-24,24,58,1.0,0,47.65,69.42,8
719,2026-04-24,5,15,2.0,1,51.49,23.09,19
720,2026-04-24,15,52,3.0,0,34.17,63.26,16
721,2026-04-24,11,18,0.0,0,41.6,41.74,6
722,2026-04-24,6,23,3.0,2,23.22,8.7,16
723,2026-04-24,5,21,2.0,1,37.53,16.16,19
724,2026-04-24,17,19,0.0,0,15.89,52.16,12
725,2026-04-24,29,77,0.0,0,62.91,,2
726,2026-04-24,10,19,1.0,1,34.44,25.56,12
727,2026-04-24,14,34,1.0,0,30.24,48.59,6
728,2026-04-24,5,8,0.0,0,34.66,20.66,12
729,2026-04-24,26,72,0.0,0,48.29,87.04,7
730,2026-04-24,3,7,1.0,0,14.13,0.0,16
731,2026-04-24,14,18,1.0,0,16.42,41.48,7
732,2026-04-24,14,33,1.0,1,48.35,49.51,12
733,2026-04-24,10,21,0.0,0,32.55,34.16,12
734,2026-04-24,7,18,1.0,0,22.02,31.16,18
735,2026-04-24,22,27,0.0,0,36.61,52.8,11
736,2026-04-24,13,20,2.0,1,39.77,31.13,10
737,2026-04-24,6,19,1.0,1,24.97,35.65,27
738,2026-04-24,17,22,1.0,0,43.65,44.26,9
739,2026-04-24,14,23,0.0,0,,44.7,19
740,2026-04-24,17,24,0.0,0,28.38,55.01,12
741,2026-04-24,19,42,2.0,0,41.88,52.69,13
742,2026-04-24,2,11,0.0,0,,6.94,20
743,2026-04-24,10,35,1.0,0,22.59,26.83,11
744,2026-04-24,5,9,0.0,1,24.27,17.56,20
745,2026-04-24,20,26,0.0,0,42.76,59.42,7
746,2026-04-24,1,1,1.0,2,22.91,0.0,15
747,2026-04-24,17,55,2.0,0,51.56,61.23,12
748,2026-04-24,0,0,0.0,3,18.02,0.0,22
749,2026-04-24,5,15,0.0,1,24.37,12.74,16
750,2026-04-24,11,23,1.0,1,24.29,23.53,18
751,2026-04-24,13,42,1.0,0,28.51,42.76,11
752,2026-04-24,11,16,0.0,0,18.93,34.01,11
753,2026-04-24,24,36,0.0,0,46.61,63.89,9
754,2026-04-24,9,17,0.0,1,30.99,27.99,14
755,2026-04-24,11,27,1.0,1,32.35,45.76,20
756,2026-04-24,5,16,2.0,0,24.0,18.47,19
757,2026-04-24,23,52,2.0,0,39.55,66.94,11
758,2026-04-24,21,35,1.0,1,42.08,54.82,11
759,2026-04-24,21,26,1.0,0,44.29,63.72,11
760,2026-04-24,8,16,0.0,0,34.03,17.22,15
761,2026-04-24,6,15,0.0,0,36.49,24.66,11
762,2026-04-24,21,47,0.0,0,47.42,59.08,17
763,2026-04-24,24,47,0.0,0,58.28,77.61,9
764,2026-04-24,12,27,1.0,1,45.03,63.04,11
765,2026-04-24,30,86,0.0,0,55.05,88.98,4
766,2026-04-24,18,39,0.0,0,27.44,64.96,12
767,2026-04-24,14,23,2.0,1,38.33,32.73,16
768,2026-04-24,11,26,1.0,0,27.55,25.91,6
769,2026-04-24,11,32,0.0,1,26.43,38.64,16
770,2026-04-24,20,58,1.0,0,22.64,67.02,10
771,2026-04-24,15,34,0.0,0,49.09,45.55,11
772,2026-04-24,18,35,1.0,1,9.73,44.42,8
773,2026-04-24,15,33,0.0,0,46.37,46.23,12
774,2026-04-24,15,35,1.0,0,38.47,46.27,10
775,2026-04-24,17,35,0.0,0,17.96,48.53,6
776,2026-04-24,11,46,0.0,1,43.93,39.05,18
777,2026-04-24,22,36,0.0,0,44.51,,3
778,2026-04-24,2,5,5.0,0,2.95,5.43,20
779,2026-04-24,28,57,0.0,1,45.34,85.32,2
780,2026-04-24,12,12,2.0,0,,39.78,12
781,2026-04-24,6,9,2.0,0,40.7,27.0,13
782,2026-04-24,6,14,2.0,3,23.32,35.78,21
783,2026-04-24,8,29,2.0,0,6.3,34.34,13
784,2026-04-24,11,18,0.0,0,47.1,44.69,10
785,2026-04-24,17,17,1.0,1,36.16,46.48,6
786,2026-04-24,14,45,0.0,0,16.54,55.03,10
787,2026-04-24,3,7,1.0,0,25.71,,24
788,2026-04-24,19,32,1.0,0,41.74,44.79,6
789,2026-04-24,19,57,1.0,0,40.51,71.13,9
790,2026-04-24,18,15,1.0,0,33.26,37.1,9
791,2026-04-24,22,38,1.0,0,38.43,72.31,10
792,2026-04-24,6,13,0.0,0,23.81,24.22,18
793,2026-04-24,8,25,0.0,0,26.9,18.93,16
794,2026-04-24,19,120,2.0,0,181.84,46.9,11
795,2026-04-24,21,63,1.0,0,26.4,71.46,11
796,2026-04-24,18,37,2.0,0,40.44,56.69,17
797,2026-04-24,14,47,1.0,0,44.39,56.2,15
798,2026-04-24,13,12,0.0,0,32.35,30.51,9
799,2026-04-24,3,4,0.0,2,,,13
800,2026-04-24,13,16,2.0,1,39.05,30.09,9
801,2026-04-24,13,15,5.0,1,40.2,27.88,21
802,2026-04-24,15,37,2.0,0,31.09,50.97,7
803,2026-04-24,15,33,0.0,0,36.74,49.59,15
804,2026-04-24,7,17,3.0,1,32.65,12.54,11
805,2026-04-24,21,56,0.0,1,53.24,70.19,11
806,2026-04-24,10,15,1.0,0,25.79,36.27,16
807,2026-04-24,9,37,,2,19.65,41.25,13
808,2026-04-24,7,9,4.0,0,29.4,27.72,15
809,2026-04-24,3,10,0.0,4,13.67,6.49,17
810,2026-04-24,15,40,0.0,0,25.4,65.24,5
811,2026-04-24,3,7,2.0,0,17.68,5.16,16
812,2026-04-24,14,29,2.0,0,34.71,39.72,19
813,2026-04-24,21,64,0.0,0,52.8,71.7,9
814,2026-04-24,0,0,0.0,2,16.23,14.32,19
815,2026-04-24,6,15,1.0,1,29.78,38.91,22
816,2026-04-24,12,37,1.0,0,33.63,48.43,9
817,2026-04-24,10,18,,1,,30.9,11
818,2026-04-24,20,56,1.0,0,34.2,67.37,9
819,2026-04-24,9,29,0.0,1,30.49,30.8,16
820,2026-04-24,11,29,1.0,0,21.61,32.03,14
821,2026-04-24,25,41,0.0,0,36.52,68.65,7
822,2026-04-24,19,43,2.0,1,37.87,70.04,7
823,2026-04-24,8,8,3.0,1,33.31,31.84,11
824,2026-04-24,21,85,0.0,0,25.33,80.03,8
825,2026-04-24,3,7,2.0,0,22.63,6.17,15
826,2026-04-24,14,34,1.0,0,22.7,40.73,12
827,2026-04-24,16,50,,0,29.06,53.22,11
828,2026-04-24,26,80,0.0,0,56.78,94.62,8
829,2026-04-24,5,15,4.0,1,22.25,14.55,16
830,2026-04-24,21,38,2.0,0,56.07,69.56,7
831,2026-04-24,19,42,1.0,0,37.52,61.8,6
832,2026-04-24,0,0,0.0,0,29.35,0.0,26
833,2026-04-24,14,19,0.0,2,39.76,44.75,9
834,2026-04-24,23,43,0.0,0,43.18,75.12,4
835,2026-04-24,12,30,1.0,2,23.73,43.67,13
836,2026-04-24,17,36,0.0,0,42.42,50.05,8
837,2026-04-24,18,22,0.0,0,31.71,46.9,8
838,2026-04-24,7,13,3.0,1,27.49,32.61,18
839,2026-04-24,4,15,3.0,0,21.29,5.06,13
840,2026-04-24,19,22,3.0,0,27.47,59.49,5
841,2026-04-24,17,32,2.0,0,29.81,55.35,10
842,2026-04-24,27,57,0.0,0,38.16,80.84,8
843,2026-04-24,24,72,0.0,0,42.83,78.48,6
844,2026-04-24,15,24,0.0,0,23.07,37.52,11
845,2026-04-24,17,38,0.0,0,33.68,55.85,11
846,2026-04-24,12,30,0.0,1,33.85,32.05,8
847,2026-04-24,8,10,2.0,0,25.9,24.02,15
848,2026-04-24,13,28,1.0,0,34.32,42.91,11
849,2026-04-24,14,29,1.0,0,25.03,51.75,16
850,2026-04-24,7,22,1.0,2,21.84,30.99,17
851,2026-04-24,20,29,4.0,0,54.13,63.57,5
852,2026-04-24,16,32,6.0,0,29.83,39.55,9
853,2026-04-24,20,41,1.0,0,27.98,65.3,11
854,2026-04-24,17,48,2.0,0,36.53,62.67,6
855,2026-04-24,8,30,2.0,0,19.03,19.78,25
856,2026-04-24,17,47,1.0,0,39.58,50.91,8
857,2026-04-24,14,36,0.0,0,35.85,46.9,11
858,2026-04-24,13,31,2.0,1,33.31,47.58,11
859,2026-04-24,7,13,1.0,2,32.03,,19
860,2026-04-24,5,3,2.0,2,23.24,19.09,17
861,2026-04-24,9,13,2.0,1,39.91,32.42,21
862,2026-04-24,17,28,2.0,0,11.15,27.21,3
863,2026-04-24,15,28,1.0,0,19.89,38.98,16
864,2026-04-24,15,32,0.0,1,31.35,47.29,11
865,2026-04-24,25,83,0.0,0,32.25,87.22,4
866,2026-04-24,9,22,0.0,0,20.66,33.6,11
867,2026-04-24,0,0,4.0,0,14.63,0.0,17
868,2026-04-24,12,15,2.0,1,42.59,37.25,13
869,2026-04-24,8,21,3.0,1,25.9,40.07,13
870,2026-04-24,20,44,0.0,0,42.1,62.37,9
871,2026-04-24,18,43,4.0,0,39.36,54.36,13
872,2026-04-24,26,51,1.0,0,38.39,86.75,15
873,2026-04-24,24,89,1.0,0,51.98,81.84,6
874,2026-04-24,4,13,1.0,1,32.18,15.02,14
875,2026-04-24,10,28,0.0,0,25.7,54.47,10
876,2026-04-24,17,25,0.0,0,46.82,36.79,13
877,2026-04-24,23,42,0.0,0,38.13,67.59,10
878,2026-04-24,11,16,2.0,1,27.63,29.49,14
879,2026-04-24,14,55,0.0,1,38.93,52.74,15
880,2026-04-24,9,13,2.0,0,31.04,20.77,16
881,2026-04-24,19,34,1.0,0,42.9,55.91,6
882,2026-04-24,0,0,3.0,0,16.64,6.41,19
883,2026-04-24,9,21,1.0,0,41.28,33.59,7
884,2026-04-24,10,25,0.0,0,20.68,19.0,12
885,2026-04-24,14,22,0.0,0,33.33,,11
886,2026-04-24,5,11,2.0,2,38.05,,15
887,2026-04-24,4,21,2.0,2,13.96,8.15,10
888,2026-04-24,16,18,2.0,2,25.26,36.98,8
889,2026-04-24,15,53,1.0,1,45.59,62.51,14
890,2026-04-24,18,27,2.0,0,40.34,53.88,8
891,2026-04-24,9,28,0.0,1,40.35,33.2,16
892,2026-04-24,9,27,3.0,0,20.15,34.84,15
893,2026-04-24,22,57,2.0,0,44.58,61.47,6
894,2026-04-24,8,28,0.0,2,28.65,33.52,14
895,2026-04-24,22,49,0.0,0,60.15,65.17,11
896,2026-04-24,6,12,1.0,0,34.78,17.15,20
897,2026-04-24,18,33,1.0,0,38.14,58.1,5
898,2026-04-24,8,9,1.0,0,29.91,11.88,17
899,2026-04-24,21,48,1.0,1,43.04,59.7,7
900,2026-04-24,15,21,2.0,0,44.02,42.45,10
901,2026-04-24,22,52,0.0,0,34.26,,6
902,2026-04-24,10,27,0.0,0,37.11,35.49,12
903,2026-04-24,12,40,2.0,0,17.8,40.27,14
904,2026-04-24,12,23,3.0,0,28.99,31.09,13
905,2026-04-24,3,7,4.0,1,16.5,12.18,23
906,2026-04-24,4,10,2.0,0,25.3,16.09,13
907,2026-04-24,14,33,2.0,1,40.82,50.87,14
908,2026-04-24,7,20,0.0,0,15.36,16.35,17
909,2026-04-24,8,7,2.0,1,29.95,33.19,10
910,2026-04-24,6,6,0.0,1,17.05,19.38,14
911,2026-04-24,10,30,0.0,0,27.03,35.78,9
912,2026-04-24,17,41,1.0,0,23.67,53.74,12
913,2026-04-24,6,18,0.0,0,28.48,27.52,15
914,2026-04-24,15,55,1.0,1,,55.83,11
915,2026-04-24,7,25,2.0,0,29.75,12.58,21
916,2026-04-24,4,11,0.0,0,36.82,25.32,21
917,2026-04-24,17,45,1.0,0,37.69,54.62,9
918,2026-04-24,26,79,0.0,0,52.0,79.15,8
919,2026-04-24,15,25,0.0,0,,63.27,9
920,2026-04-24,18,22,0.0,1,33.68,60.03,11
921,2026-04-24,3,4,0.0,1,32.55,5.77,13
922,2026-04-24,11,21,1.0,0,28.98,37.51,13
923,2026-04-24,4,15,0.0,0,16.79,16.51,21
924,2026-04-24,13,43,3.0,0,31.59,35.96,18
925,2026-04-24,4,11,3.0,2,19.63,5.96,12
926,2026-04-24,10,23,1.0,0,16.13,30.34,12
927,2026-04-24,10,20,2.0,0,21.63,28.52,15
928,2026-04-24,10,34,0.0,0,48.1,42.77,11
929,2026-04-24,21,51,2.0,0,38.61,63.92,10
930,2026-04-24,4,8,1.0,0,37.83,17.83,16
931,2026-04-24,21,34,1.0,0,40.19,76.88,5
932,2026-04-24,20,46,0.0,1,37.69,67.59,11
933,2026-04-24,21,57,0.0,0,33.38,82.97,7
934,2026-04-24,25,64,1.0,1,52.83,83.78,4
935,2026-04-24,10,23,0.0,0,35.09,43.98,10
936,2026-04-24,7,14,1.0,0,28.25,41.24,15
937,2026-04-24,10,21,1.0,1,17.43,12.34,12
938,2026-04-24,17,39,0.0,0,48.74,58.3,7
939,2026-04-24,13,32,1.0,0,31.72,41.06,9
940,2026-04-24,26,61,1.0,0,46.72,83.15,3
941,2026-04-24,8,16,3.0,1,22.24,22.1,17
942,2026-04-24,12,16,0.0,1,30.37,34.62,15
943,2026-04-24,8,23,2.0,0,34.31,23.53,19
944,2026-04-24,12,19,0.0,0,22.5,39.42,16
945,2026-04-24,25,70,0.0,0,46.18,85.5,9
946,2026-04-24,7,17,0.0,1,33.53,19.08,20
947,2026-04-24,8,15,0.0,0,28.45,,16
948,2026-04-24,14,25,0.0,0,41.23,36.5,14
949,2026-04-24,15,18,0.0,0,47.02,39.17,9
950,2026-04-24,10,12,,0,36.8,27.77,14
951,2026-04-24,11,33,0.0,0,32.03,46.57,15
952,2026-04-24,9,36,2.0,0,29.96,42.04,16
953,2026-04-24,19,24,,0,43.85,50.16,9
954,2026-04-24,0,0,0.0,0,,7.03,17
955,2026-04-24,2,1,1.0,0,15.95,12.11,15
956,2026-04-24,10,32,1.0,0,,26.25,15
957,2026-04-24,11,18,1.0,0,54.16,45.18,12
958,2026-04-24,0,0,1.0,1,22.14,6.38,12
959,2026-04-24,18,68,0.0,0,48.97,69.41,16
960,2026-04-24,19,68,0.0,0,34.23,65.93,11
961,2026-04-24,6,19,0.0,0,37.46,21.33,8
962,2026-04-24,16,25,1.0,1,32.65,56.46,10
963,2026-04-24,8,13,3.0,0,26.55,21.76,15
964,2026-04-24,16,24,1.0,0,22.13,54.16,9
965,2026-04-24,3,1,3.0,0,31.65,11.61,22
966,2026-04-24,7,13,1.0,2,36.87,16.89,11
967,2026-04-24,6,10,0.0,0,15.65,17.57,18
968,2026-04-24,15,47,1.0,0,42.33,45.52,8
969,2026-04-24,7,3,0.0,0,15.86,11.42,12
970,2026-04-24,16,33,0.0,0,41.56,52.52,6
971,2026-04-24,11,9,1.0,0,35.02,44.55,13
972,2026-04-24,21,42,0.0,0,56.4,74.8,13
973,2026-04-24,8,8,0.0,0,31.33,34.55,17
974,2026-04-24,15,42,1.0,0,47.4,61.42,10
975,2026-04-24,23,25,1.0,0,51.88,59.19,5
976,2026-04-24,6,7,0.0,1,20.04,11.46,8
977,2026-04-24,8,21,0.0,1,29.41,34.33,11
978,2026-04-24,21,50,0.0,0,33.46,69.23,10
979,2026-04-24,11,22,1.0,0,34.98,43.46,11
980,2026-04-24,7,13,1.0,0,,21.78,14
981,2026-04-24,6,18,0.0,2,28.81,13.62,25
982,2026-04-24,12,25,0.0,0,23.63,41.04,14
983,2026-04-24,2,2,1.0,0,36.71,0.0,12
984,2026-04-24,15,8,1.0,1,43.7,,12
985,2026-04-24,15,27,0.0,1,42.54,,10
986,2026-04-24,15,22,1.0,0,35.5,36.08,9
987,2026-04-24,17,47,0.0,0,38.06,54.11,9
988,2026-04-24,1,4,1.0,1,8.63,20.8,16
989,2026-04-24,19,32,1.0,0,46.75,48.45,11
990,2026-04-24,9,25,0.0,0,11.33,20.77,14
991,2026-04-24,19,48,0.0,0,49.01,,13
992,2026-04-24,9,15,1.0,0,33.31,,9
993,2026-04-24,13,46,2.0,1,41.14,46.58,13
994,2026-04-24,22,29,0.0,1,46.72,70.9,8
995,2026-04-24,1,5,2.0,2,29.27,8.25,16
996,2026-04-24,5,6,0.0,1,22.57,12.96,17
997,2026-04-24,6,17,0.0,1,,25.84,22
998,2026-04-24,1,2,1.0,0,24.89,10.68,21
999,2026-04-24,6,18,3.0,0,43.25,23.51,18
1000,2026-04-24,1,1,3.0,2,25.06,8.26,16
1001,2026-04-24,6,11,5.0,2,13.78,8.2,17
1002,2026-04-24,23,49,0.0,0,36.09,72.56,11
1003,2026-04-24,8,15,2.0,0,29.57,21.16,13
1004,2026-04-24,15,37,0.0,0,48.17,44.72,17
1005,2026-04-24,27,76,1.0,0,40.52,81.82,8
1006,2026-04-24,16,34,2.0,0,50.3,50.33,9
1007,2026-04-24,7,13,2.0,2,23.51,11.15,15
1008,2026-04-24,21,40,0.0,1,40.48,59.67,11
1009,2026-04-24,9,15,2.0,1,14.45,26.86,15
1010,2026-04-24,8,26,5.0,2,38.53,30.51,13
1011,2026-04-24,23,35,2.0,0,42.14,65.17,7
1012,2026-04-24,3,10,0.0,0,17.9,13.22,13
1013,2026-04-24,15,19,1.0,3,30.56,32.33,12
1014,2026-04-24,13,36,2.0,1,41.38,35.67,13
1015,2026-04-24,18,26,0.0,1,36.02,37.55,4
1016,2026-04-24,14,40,0.0,1,19.61,35.06,19
1017,2026-04-24,24,25,1.0,1,36.96,55.08,7
1018,2026-04-24,15,37,2.0,0,45.83,47.38,13
1019,2026-04-24,18,29,3.0,0,35.57,59.04,5
1020,2026-04-24,1,2,2.0,1,26.1,13.78,15
1021,2026-04-24,0,0,3.0,1,25.31,0.0,21
1022,2026-04-24,14,38,1.0,0,11.31,47.96,15
1023,2026-04-24,15,21,2.0,3,44.12,47.65,8
1024,2026-04-24,1,1,4.0,1,15.1,11.04,15
1025,2026-04-24,12,22,1.0,1,36.23,43.37,13
1026,2026-04-24,16,23,1.0,0,52.19,49.45,10
1027,2026-04-24,7,19,1.0,0,39.04,25.23,8
1028,2026-04-24,20,47,0.0,1,44.62,51.84,14
1029,2026-04-24,19,56,1.0,0,47.96,69.07,10
1030,2026-04-24,10,24,0.0,0,36.48,37.06,8
1031,2026-04-24,21,44,1.0,1,53.26,62.47,4
1032,2026-04-24,13,32,2.0,0,45.46,33.02,18
1033,2026-04-24,23,32,0.0,1,40.31,69.22,5
1034,2026-04-24,23,65,1.0,0,38.89,77.03,5
1035,2026-04-24,4,8,0.0,0,22.25,19.02,13
1036,2026-04-24,6,15,1.0,1,27.09,12.94,19
1037,2026-04-24,26,81,0.0,0,,77.25,6
1038,2026-04-24,13,21,0.0,0,23.37,39.39,13
1039,2026-04-24,14,47,1.0,1,38.88,55.44,10
1040,2026-04-24,12,43,0.0,0,20.42,36.16,13
1041,2026-04-24,4,8,,0,25.81,15.35,27
1042,2026-04-24,13,23,,0,39.73,37.92,18
1043,2026-04-24,18,54,0.0,0,36.95,51.55,13
1044,2026-04-24,12,18,0.0,1,39.59,35.57,11
1045,2026-04-24,3,12,0.0,0,29.19,16.37,15
1046,2026-04-24,7,5,1.0,0,42.54,5.13,13
1047,2026-04-24,9,14,1.0,0,24.93,35.85,16
1048,2026-04-24,23,51,0.0,0,46.69,71.11,9
1049,2026-04-24,20,63,,0,46.13,79.5,12
1050,2026-04-24,14,46,,1,33.51,48.65,15
1051,2026-04-24,4,9,2.0,0,12.53,17.76,17
1052,2026-04-24,12,20,1.0,0,22.85,49.02,13
1053,2026-04-24,17,43,2.0,0,32.09,41.92,18
1054,2026-04-24,13,27,0.0,1,25.91,49.12,16
1055,2026-04-24,18,27,0.0,0,37.49,49.72,10
1056,2026-04-24,9,22,1.0,1,21.29,25.37,11
1057,2026-04-24,7,19,2.0,1,21.02,23.27,13
1058,2026-04-24,14,20,1.0,1,49.04,56.6,9
1059,2026-04-24,20,25,2.0,1,28.22,50.18,7
1060,2026-04-24,10,32,,0,44.96,38.46,9
1061,2026-04-24,3,1,3.0,0,16.47,8.01,14
1062,2026-04-24,10,34,,1,25.71,28.57,15
1063,2026-04-24,6,16,2.0,0,29.11,16.65,8
1064,2026-04-24,7,5,2.0,0,25.52,26.02,16
1065,2026-04-24,9,23,1.0,1,18.62,28.12,9
1066,2026-04-24,16,31,0.0,0,32.16,52.36,11
1067,2026-04-24,1,4,3.0,2,6.5,3.75,12
1068,2026-04-24,16,42,0.0,0,40.93,59.79,11
1069,2026-04-24,7,15,1.0,0,5.01,27.31,16
1070,2026-04-24,9,24,0.0,0,35.49,27.46,9
1071,2026-04-24,22,35,0.0,0,49.09,60.56,4
1072,2026-04-24,9,24,1.0,0,40.02,14.94,13
1073,2026-04-24,7,14,2.0,0,46.89,17.07,15
1074,2026-04-24,6,14,1.0,0,36.2,25.71,18
1075,2026-04-24,28,37,0.0,0,44.42,75.69,6
1076,2026-04-24,9,27,2.0,1,44.98,18.84,15
1077,2026-04-24,19,139,0.0,2,241.77,49.12,11
1078,2026-04-24,8,17,1.0,0,10.66,24.72,17
1079,2026-04-24,9,14,2.0,2,41.14,26.48,18
1080,2026-04-24,3,11,2.0,0,26.93,11.15,18
1081,2026-04-24,4,8,1.0,2,11.03,16.9,12
1082,2026-04-24,5,14,1.0,0,10.93,10.28,10
1083,2026-04-24,9,20,0.0,1,33.02,32.41,10
1084,2026-04-24,0,0,2.0,0,13.59,2.58,13
1085,2026-04-24,13,29,1.0,1,27.55,40.93,12
1086,2026-04-24,21,55,0.0,0,59.36,76.06,7
1087,2026-04-24,12,16,3.0,0,51.07,,24
1088,2026-04-24,0,0,2.0,2,23.95,5.71,13
1089,2026-04-24,12,37,4.0,0,29.6,,16
1090,2026-04-24,2,3,0.0,0,31.05,8.99,21
1091,2026-04-24,5,13,1.0,0,19.42,4.2,23
1092,2026-04-24,14,39,2.0,0,19.48,56.86,12
1093,2026-04-24,14,24,1.0,1,3.93,26.68,14
1094,2026-04-24,9,14,2.0,0,28.64,33.28,18
1095,2026-04-24,28,72,0.0,0,53.01,84.18,7
1096,2026-04-24,2,6,1.0,0,20.93,15.68,16
1097,2026-04-24,22,50,2.0,0,47.84,69.66,4
1098,2026-04-24,13,40,1.0,0,44.17,54.35,6
1099,2026-04-24,20,36,,0,53.44,59.24,11
1100,2026-04-24,12,10,0.0,1,34.51,27.97,8
1101,2026-04-24,22,32,1.0,0,,69.85,4
1102,2026-04-24,5,4,0.0,3,25.16,5.04,23
1103,2026-04-24,18,31,1.0,0,37.18,52.43,7
1104,2026-04-24,17,25,2.0,1,20.29,36.65,6
1105,2026-04-24,0,0,2.0,1,28.25,0.0,21
1106,2026-04-24,5,12,1.0,0,22.61,22.22,13
1107,2026-04-24,18,23,0.0,0,31.6,50.76,5
1108,2026-04-24,21,50,0.0,0,38.1,66.05,8
1109,2026-04-24,27,43,0.0,0,38.15,82.58,4
1110,2026-04-24,23,38,1.0,1,38.11,57.91,3
1111,2026-04-24,13,53,1.0,0,37.66,61.52,8
1112,2026-04-24,4,12,1.0,0,17.34,15.59,17
1113,2026-04-24,2,5,1.0,0,28.97,3.38,19
1114,2026-04-24,13,26,0.0,0,32.0,48.24,10
1115,2026-04-24,11,21,2.0,1,19.75,43.13,11
1116,2026-04-24,13,18,2.0,1,43.02,32.39,22
1117,2026-04-24,13,39,0.0,0,,41.22,16
1118,2026-04-24,18,36,0.0,0,46.77,49.92,15
1119,2026-04-24,3,4,1.0,0,27.6,3.45,16
1120,2026-04-24,17,33,0.0,0,27.44,48.31,12
1121,2026-04-24,22,55,1.0,0,35.92,56.01,9
1122,2026-04-24,4,12,2.0,0,31.79,12.04,26
1123,2026-04-24,0,0,4.0,0,34.16,0.86,22
1124,2026-04-24,19,61,0.0,1,39.05,63.85,7
1125,2026-04-24,12,22,2.0,0,36.4,54.01,13
1126,2026-04-24,9,5,1.0,1,43.49,29.7,19
1127,2026-04-24,11,20,0.0,0,,40.65,11
1128,2026-04-24,20,53,2.0,0,39.17,64.82,10
1129,2026-04-24,9,26,2.0,0,25.68,31.97,18
1130,2026-04-24,11,19,2.0,1,33.91,29.05,10
1131,2026-04-24,1,3,1.0,0,13.24,1.62,17
1132,2026-04-24,5,10,2.0,0,21.47,7.89,14
1133,2026-04-24,17,39,1.0,0,33.58,56.02,12
1134,2026-04-24,11,39,,0,36.3,,17
1135,2026-04-24,16,32,0.0,0,41.16,59.69,8
1136,2026-04-24,14,27,0.0,0,36.98,38.66,10
1137,2026-04-24,4,6,0.0,0,16.4,18.8,17
1138,2026-04-24,16,45,1.0,0,28.59,49.96,9
1139,2026-04-24,11,16,0.0,1,40.17,32.92,7
1140,2026-04-24,12,35,0.0,1,40.88,39.54,11
1141,2026-04-24,26,42,1.0,0,36.68,78.48,2
1142,2026-04-24,24,38,1.0,0,49.19,69.13,13
1143,2026-04-24,21,67,0.0,1,36.57,70.26,11
1144,2026-04-24,22,49,0.0,0,51.0,71.45,10
1145,2026-04-24,20,48,0.0,1,59.53,68.0,10
1146,2026-04-24,23,45,1.0,1,21.72,68.17,6
1147,2026-04-24,11,11,1.0,0,22.83,22.18,10
1148,2026-04-24,10,22,1.0,0,31.05,33.55,15
1149,2026-04-24,14,19,2.0,0,34.8,44.87,11
1150,2026-04-24,17,40,0.0,0,43.86,47.52,9
1151,2026-04-24,22,36,0.0,0,43.04,57.12,16
1152,2026-04-24,13,23,2.0,0,30.17,48.93,11
1153,2026-04-24,12,17,1.0,1,21.98,43.61,13
1154,2026-04-24,7,24,0.0,0,16.6,25.33,19
1155,2026-04-24,11,41,2.0,1,28.15,40.93,18
1156,2026-04-24,10,24,3.0,1,22.86,35.02,17
1157,2026-04-24,9,26,2.0,2,30.9,31.65,15
1158,2026-04-24,15,23,2.0,0,28.94,36.27,12
1159,2026-04-24,7,12,3.0,0,20.51,26.49,13
1160,2026-04-24,11,27,1.0,4,21.15,28.18,13
1161,2026-04-24,13,25,0.0,0,27.41,35.89,13
1162,2026-04-24,10,17,3.0,0,23.67,30.51,17
1163,2026-04-24,23,152,1.0,0,306.95,75.63,11
1164,2026-04-24,21,31,0.0,0,44.11,61.32,7
1165,2026-04-24,10,33,3.0,0,47.19,50.56,10
1166,2026-04-24,15,21,0.0,0,24.16,32.59,4
1167,2026-04-24,5,12,2.0,1,32.42,15.71,13
1168,2026-04-24,14,29,1.0,2,40.42,55.95,14
1169,2026-04-24,19,58,0.0,0,43.08,62.09,10
1170,2026-04-24,4,4,2.0,0,37.94,11.64,18
1171,2026-04-24,4,9,0.0,2,22.32,0.68,15
1172,2026-04-24,7,17,0.0,1,33.24,28.56,15
1173,2026-04-24,4,14,0.0,0,26.69,21.6,18
1174,2026-04-24,22,48,1.0,0,37.12,62.89,9
1175,2026-04-24,13,32,0.0,0,34.49,32.19,6
1176,2026-04-24,20,51,,0,39.39,61.31,7
1177,2026-04-24,3,6,2.0,1,23.7,8.48,22
1178,2026-04-24,19,51,1.0,1,38.18,67.13,6
1179,2026-04-24,10,17,3.0,0,28.03,28.83,25
1180,2026-04-24,14,49,1.0,1,27.4,46.49,16
1181,2026-04-24,17,35,2.0,0,34.74,47.97,11
1182,2026-04-24,8,20,,0,32.03,9.67,11
1183,2026-04-24,17,30,0.0,2,33.51,55.2,14
1184,2026-04-24,11,19,2.0,0,37.39,,20
1185,2026-04-24,13,46,0.0,1,37.31,51.32,9
1186,2026-04-24,11,23,2.0,0,23.55,25.87,11
1187,2026-04-24,6,9,2.0,0,37.79,25.07,23
1188,2026-04-24,6,19,3.0,0,28.58,23.05,18
1189,2026-04-24,8,21,2.0,0,30.06,40.39,14
1190,2026-04-24,4,10,0.0,0,20.97,16.28,20
1191,2026-04-24,20,42,,1,41.25,63.78,7
1192,2026-04-24,5,5,,0,14.51,10.32,21
1193,2026-04-24,22,42,1.0,1,33.26,61.92,10
1194,2026-04-24,12,15,2.0,1,37.3,29.08,15
1195,2026-04-24,18,29,0.0,0,28.31,52.35,7
1196,2026-04-24,5,13,3.0,0,16.35,25.8,15
1197,2026-04-24,10,17,2.0,0,28.88,27.67,18
1198,2026-04-24,8,23,1.0,1,50.7,12.58,14
1199,2026-04-24,8,20,,0,37.1,36.91,13
1200,2026-04-24,11,39,0.0,0,38.26,32.03,10
1201,2026-04-24,15,41,0.0,1,26.02,49.37,8
1202,2026-04-24,12,20,0.0,2,30.9,23.72,13
1203,2026-04-24,16,43,2.0,0,19.05,,18
1204,2026-04-24,25,53,0.0,1,43.42,84.05,6
1205,2026-04-24,12,28,0.0,1,38.51,33.81,17
1206,2026-04-24,14,18,1.0,0,26.88,45.86,10
1207,2026-04-24,4,4,2.0,0,28.74,17.48,20
1208,2026-04-24,23,55,1.0,0,44.01,62.62,10
1209,2026-04-24,17,47,0.0,1,31.89,55.63,7
1210,2026-04-24,18,29,3.0,1,34.69,57.92,15
1211,2026-04-24,14,23,0.0,0,30.77,48.74,19
1212,2026-04-24,12,19,1.0,0,23.44,39.02,16
1213,2026-04-24,11,32,0.0,1,29.47,54.16,15
1214,2026-04-24,19,36,1.0,1,41.95,58.17,5
1215,2026-04-24,16,37,0.0,1,31.54,49.01,12
1216,2026-04-24,21,50,0.0,0,57.7,73.16,12
1217,2026-04-24,5,17,3.0,0,38.15,17.95,16
1218,2026-04-24,12,25,,0,29.52,21.79,23
1219,2026-04-24,4,14,1.0,1,19.63,13.1,11
1220,2026-04-24,15,19,1.0,1,29.31,47.96,12
1221,2026-04-24,6,19,1.0,0,25.05,7.89,16
1222,2026-04-24,8,18,2.0,1,31.68,20.02,21
1223,2026-04-24,14,36,,0,34.74,44.71,7
1224,2026-04-24,7,8,,1,23.61,23.52,14
1225,2026-04-24,5,18,1.0,1,25.14,29.44,17
1226,2026-04-24,11,25,,0,28.97,26.58,18
1227,2026-04-24,17,23,1.0,0,34.0,52.06,8
1228,2026-04-24,6,14,0.0,1,27.56,21.52,14
1229,2026-04-24,16,45,1.0,0,25.85,42.33,12
1230,2026-04-24,12,27,1.0,0,21.38,31.13,16
1231,2026-04-24,21,69,1.0,1,42.85,69.1,10
1232,2026-04-24,21,33,,0,30.74,69.56,14
1233,2026-04-24,24,66,0.0,0,39.87,82.78,4
1234,2026-04-24,19,24,1.0,0,47.42,51.67,11
1235,2026-04-24,7,16,1.0,0,23.13,29.47,16
1236,2026-04-24,4,9,1.0,0,42.2,21.05,21
1237,2026-04-24,27,39,0.0,0,54.41,80.87,6
1238,2026-04-24,14,35,0.0,0,26.47,42.17,10
1239,2026-04-24,19,28,0.0,1,45.18,49.3,5
1240,2026-04-24,23,63,0.0,0,36.62,64.47,7
1241,2026-04-24,21,179,3.0,0,309.25,56.49,9
1242,2026-04-24,12,33,,0,30.91,37.42,10
1243,2026-04-24,17,50,0.0,0,35.14,45.24,16
1244,2026-04-24,19,37,0.0,0,38.28,61.11,6
1245,2026-04-24,5,10,0.0,0,24.38,7.96,18
1246,2026-04-24,9,24,4.0,0,29.72,27.1,10
1247,2026-04-24,9,23,1.0,0,24.78,39.03,22
1248,2026-04-24,15,29,2.0,0,40.17,47.47,11
1249,2026-04-24,12,28,0.0,0,40.29,43.48,13
1250,2026-04-24,15,36,2.0,0,28.78,52.21,9
1251,2026-04-24,17,54,1.0,0,47.88,65.35,9
1252,2026-04-24,24,46,2.0,0,48.63,75.64,9
1253,2026-04-24,7,13,2.0,0,21.99,23.04,11
1254,2026-04-24,6,24,2.0,1,25.4,31.9,19
1255,2026-04-24,12,29,1.0,0,49.3,40.21,10
1256,2026-04-24,23,57,1.0,1,49.49,60.06,6
1257,2026-04-24,1,3,0.0,0,29.69,7.5,19
1258,2026-04-24,17,30,0.0,1,33.06,59.69,13
1259,2026-04-24,9,27,1.0,0,36.47,21.3,18
1260,2026-04-24,13,34,1.0,0,35.59,44.5,20
1261,2026-04-24,8,32,0.0,0,25.93,19.22,17
1262,2026-04-24,15,41,0.0,0,36.18,48.69,13
1263,2026-04-24,9,21,3.0,1,38.02,30.06,8
1264,2026-04-24,10,11,0.0,0,41.78,32.61,8
1265,2026-04-24,10,18,1.0,2,24.84,27.91,19
1266,2026-04-24,11,18,1.0,0,23.04,45.45,14
1267,2026-04-24,15,40,1.0,1,45.78,51.79,13
1268,2026-04-24,2,1,2.0,2,37.2,9.54,22
1269,2026-04-24,5,10,2.0,0,27.67,23.03,11
1270,2026-04-24,6,10,0.0,0,39.78,16.97,15
1271,2026-04-24,10,13,2.0,0,34.6,29.94,17
1272,2026-04-24,11,22,0.0,1,28.07,33.43,15
1273,2026-04-24,26,71,0.0,0,33.39,86.63,7
1274,2026-04-24,27,34,0.0,0,34.73,71.76,9
1275,2026-04-24,10,22,1.0,1,29.08,,13
1276,2026-04-24,5,7,2.0,1,22.82,22.02,18
1277,2026-04-24,17,21,1.0,0,35.41,50.55,16
1278,2026-04-24,14,38,0.0,0,,49.23,11
1279,2026-04-24,19,27,1.0,0,45.84,53.56,8
1280,2026-04-24,24,30,1.0,1,38.92,64.78,8
1281,2026-04-24,9,19,2.0,2,23.14,45.1,11
1282,2026-04-24,13,32,0.0,0,26.08,47.13,14
1283,2026-04-24,23,56,1.0,0,51.37,76.79,8
1284,2026-04-24,4,9,1.0,0,25.38,18.79,19
1285,2026-04-24,20,43,1.0,0,36.97,60.23,10
1286,2026-04-24,25,67,2.0,0,59.78,83.29,6
1287,2026-04-24,13,34,2.0,1,,48.27,7
1288,2026-04-24,12,20,1.0,1,40.63,44.8,13
1289,2026-04-24,16,51,0.0,0,36.04,47.69,15
1290,2026-04-24,15,36,3.0,1,26.15,53.82,8
1291,2026-04-24,13,28,0.0,1,38.18,41.32,17
1292,2026-04-24,7,25,0.0,1,27.24,25.39,14
1293,2026-04-24,12,22,0.0,1,41.56,34.48,9
1294,2026-04-24,13,30,1.0,0,30.27,36.49,6
1295,2026-04-24,5,11,1.0,0,27.53,3.59,13
1296,2026-04-24,20,40,0.0,0,47.17,66.39,8
1297,2026-04-24,28,38,0.0,0,66.21,88.01,7
1298,2026-04-24,20,56,1.0,0,47.31,62.96,14
1299,2026-04-24,21,67,0.0,0,54.86,67.47,9
1300,2026-04-24,4,12,1.0,3,,20.7,24
1301,2026-04-24,22,54,0.0,1,37.71,67.08,9
1302,2026-04-24,15,33,1.0,0,42.08,52.85,11
1303,2026-04-24,21,36,0.0,0,33.95,56.7,8
1304,2026-04-24,4,8,0.0,0,26.58,18.38,18
1305,2026-04-24,13,33,0.0,0,45.51,29.98,18
1306,2026-04-24,5,11,3.0,0,29.41,13.3,10
1307,2026-04-24,5,9,0.0,1,29.44,20.77,15
1308,2026-04-24,10,9,1.0,0,32.64,29.89,12
1309,2026-04-24,19,40,2.0,0,32.92,40.16,7
1310,2026-04-24,14,37,1.0,0,18.55,44.57,15
1311,2026-04-24,10,25,0.0,1,23.28,38.52,20
1312,2026-04-24,13,24,0.0,0,38.05,48.37,14
1313,2026-04-24,10,34,0.0,1,18.3,23.43,17
1314,2026-04-24,0,0,0.0,0,20.12,7.2,18
1315,2026-04-24,13,37,1.0,0,22.55,38.38,18
1316,2026-04-24,3,9,1.0,0,15.09,6.38,14
1317,2026-04-24,12,29,0.0,1,30.79,31.5,11
1318,2026-04-24,25,57,0.0,0,51.24,68.33,5
1319,2026-04-24,13,27,0.0,0,45.84,43.07,16
1320,2026-04-24,12,21,0.0,1,,44.64,9
1321,2026-04-24,10,23,,0,37.49,34.92,7
1322,2026-04-24,4,6,0.0,0,14.93,11.77,13
1323,2026-04-24,21,69,2.0,0,42.62,72.12,9
1324,2026-04-24,28,49,1.0,0,54.0,79.46,4
1325,2026-04-24,11,16,2.0,0,27.84,28.98,12
1326,2026-04-24,17,37,1.0,0,44.35,49.36,13
1327,2026-04-24,6,11,1.0,1,38.26,21.76,16
1328,2026-04-24,16,50,3.0,1,36.09,44.8,16
1329,2026-04-24,9,19,3.0,0,21.49,26.98,12
1330,2026-04-24,0,0,1.0,1,15.86,2.18,9
1331,2026-04-24,15,25,3.0,1,26.05,52.3,11
1332,2026-04-24,17,23,0.0,0,18.1,44.4,11
1333,2026-04-24,13,20,0.0,0,38.19,39.99,10
1334,2026-04-24,4,2,1.0,1,35.11,3.37,16
1335,2026-04-24,19,28,2.0,1,34.6,60.6,7
1336,2026-04-24,16,19,3.0,1,35.47,50.65,8
1337,2026-04-24,23,51,1.0,0,31.2,74.31,12
1338,2026-04-24,8,12,0.0,0,21.38,27.77,12
1339,2026-04-24,10,16,2.0,2,31.91,,9
1340,2026-04-24,4,6,,0,19.36,9.5,15
1341,2026-04-24,22,27,0.0,0,27.4,,8
1342,2026-04-24,5,12,2.0,1,39.77,10.56,16
1343,2026-04-24,14,18,,1,30.45,41.1,13
1344,2026-04-24,12,19,,0,21.74,33.48,12
1345,2026-04-24,9,29,0.0,1,31.36,21.19,10
1346,2026-04-24,6,6,2.0,0,26.16,16.52,18
1347,2026-04-24,11,22,2.0,1,,37.33,9
1348,2026-04-24,22,68,0.0,0,37.28,67.76,6
1349,2026-04-24,19,42,2.0,0,43.4,69.54,10
1350,2026-04-24,22,26,0.0,0,47.72,,6
1351,2026-04-24,2,4,1.0,0,8.19,0.0,13
1352,2026-04-24,19,55,2.0,0,32.2,50.5,14
1353,2026-04-24,0,0,3.0,2,27.53,2.43,13
1354,2026-04-24,10,20,2.0,0,21.9,27.07,9
1355,2026-04-24,13,34,1.0,0,33.03,48.91,16
1356,2026-04-24,12,25,1.0,1,,50.02,11
1357,2026-04-24,21,49,0.0,1,36.08,73.09,9
1358,2026-04-24,15,47,2.0,0,30.28,45.97,4
1359,2026-04-24,12,28,0.0,0,22.8,45.08,9
1360,2026-04-24,18,30,1.0,0,45.36,61.06,10
1361,2026-04-24,17,33,0.0,1,47.05,47.15,8
1362,2026-04-24,15,45,1.0,0,30.7,33.84,14
1363,2026-04-24,7,10,0.0,0,,20.3,11
1364,2026-04-24,23,64,0.0,0,43.18,69.84,5
1365,2026-04-24,4,9,3.0,1,17.47,6.42,11
1366,2026-04-24,23,82,3.0,1,47.49,74.56,6
1367,2026-04-24,11,16,1.0,2,33.23,32.75,11
1368,2026-04-24,13,30,1.0,1,31.29,47.62,10
1369,2026-04-24,4,4,1.0,0,35.12,21.69,20
1370,2026-04-24,15,28,2.0,2,23.65,40.76,14
1371,2026-04-24,7,16,2.0,1,25.26,11.99,19
1372,2026-04-24,11,17,2.0,0,37.97,35.02,15
1373,2026-04-24,11,23,1.0,0,42.26,39.95,15
1374,2026-04-24,10,39,0.0,0,42.11,40.25,15
1375,2026-04-24,3,9,2.0,1,35.23,24.94,8
1376,2026-04-24,21,48,0.0,0,36.69,55.48,4
1377,2026-04-24,23,61,0.0,0,25.17,62.18,7
1378,2026-04-24,7,6,1.0,0,27.3,23.11,13
1379,2026-04-24,11,25,1.0,0,35.36,30.71,11
1380,2026-04-24,17,46,2.0,0,43.63,58.01,12
1381,2026-04-24,21,65,1.0,0,31.17,63.05,14
1382,2026-04-24,11,41,0.0,2,21.07,41.87,16
1383,2026-04-24,0,0,0.0,1,13.22,6.11,22
1384,2026-04-24,11,39,1.0,0,27.55,38.83,15
1385,2026-04-24,8,7,1.0,2,12.82,21.8,13
1386,2026-04-24,17,23,0.0,0,32.19,51.14,13
1387,2026-04-24,19,46,0.0,0,40.11,59.12,4
1388,2026-04-24,23,33,0.0,0,44.63,69.78,11
1389,2026-04-24,6,12,1.0,0,21.42,20.38,20
1390,2026-04-24,11,23,0.0,0,26.95,37.61,8
1391,2026-04-24,7,15,0.0,1,19.79,21.29,11
1392,2026-04-24,8,19,1.0,1,24.22,22.7,12
1393,2026-04-24,23,33,1.0,1,52.78,80.05,3
1394,2026-04-24,16,22,1.0,0,42.04,48.6,16
1395,2026-04-24,2,7,,0,46.6,10.85,21
1396,2026-04-24,18,41,2.0,0,38.41,57.15,10
1397,2026-04-24,14,31,0.0,0,34.67,46.19,14
1398,2026-04-24,18,26,1.0,0,36.1,58.48,7
1399,2026-04-24,11,24,0.0,0,32.43,40.76,15
1400,2026-04-24,8,33,1.0,0,37.47,34.62,12
1401,2026-04-24,19,53,2.0,0,47.65,60.6,5
1402,2026-04-24,18,19,0.0,2,22.62,54.16,8
1403,2026-04-24,14,28,1.0,0,25.62,38.44,12
1404,2026-04-24,11,32,0.0,1,29.82,38.98,10
1405,2026-04-24,6,8,1.0,1,24.98,,10
1406,2026-04-24,9,10,0.0,0,23.47,36.39,13
1407,2026-04-24,4,7,0.0,0,25.78,15.04,21
1408,2026-04-24,9,26,2.0,1,13.42,34.97,20
1409,2026-04-24,14,27,0.0,1,33.68,36.92,16
1410,2026-04-24,5,10,1.0,1,33.59,39.59,17
1411,2026-04-24,16,21,2.0,1,41.39,35.81,7
1412,2026-04-24,11,30,2.0,0,28.42,35.6,10
1413,2026-04-24,14,32,2.0,1,46.68,46.54,11
1414,2026-04-24,14,34,0.0,0,37.34,48.62,15
1415,2026-04-24,14,37,1.0,0,35.56,34.54,10
1416,2026-04-24,14,43,2.0,1,32.33,53.89,9
1417,2026-04-24,10,19,1.0,1,45.47,32.69,20
1418,2026-04-24,18,48,0.0,0,37.97,68.47,16
1419,2026-04-24,17,52,0.0,0,50.28,52.85,7
1420,2026-04-24,13,2,0.0,1,48.51,40.63,8
1421,2026-04-24,13,167,1.0,0,416.29,36.19,17
1422,2026-04-24,9,23,1.0,0,32.57,25.48,19
1423,2026-04-24,8,17,0.0,1,22.59,11.98,14
1424,2026-04-24,7,19,2.0,1,20.88,28.73,15
1425,2026-04-24,11,26,2.0,0,37.58,33.91,5
1426,2026-04-24,16,44,0.0,0,41.79,48.77,9
1427,2026-04-24,23,18,1.0,0,31.11,58.45,3
1428,2026-04-24,2,3,1.0,0,18.9,6.72,16
1429,2026-04-24,2,2,0.0,1,27.87,6.76,19
1430,2026-04-24,5,7,4.0,1,33.73,12.43,13
1431,2026-04-24,17,29,0.0,0,48.39,54.0,15
1432,2026-04-24,19,39,1.0,1,26.26,59.41,10
1433,2026-04-24,13,29,0.0,0,24.49,36.8,21
1434,2026-04-24,12,12,,1,27.62,32.78,9
1435,2026-04-24,21,36,0.0,1,50.31,58.33,8
1436,2026-04-24,10,19,1.0,2,22.82,17.92,13
1437,2026-04-24,4,11,1.0,1,31.15,25.3,20
1438,2026-04-24,26,54,4.0,0,40.28,80.4,7
1439,2026-04-24,17,40,0.0,0,38.28,49.85,12
1440,2026-04-24,7,20,1.0,1,19.57,26.45,20
1441,2026-04-24,8,10,1.0,0,29.07,,10
1442,2026-04-24,22,55,1.0,1,31.88,73.81,11
1443,2026-04-24,15,28,0.0,0,49.38,51.65,12
1444,2026-04-24,12,27,2.0,1,22.32,27.86,12
1445,2026-04-24,7,13,2.0,0,14.95,19.92,17
1446,2026-04-24,25,54,0.0,0,30.01,61.92,10
1447,2026-04-24,20,57,1.0,0,36.22,57.47,7
1448,2026-04-24,16,32,0.0,0,34.06,55.26,13
1449,2026-04-24,7,9,0.0,0,32.48,26.07,16
1450,2026-04-24,3,3,2.0,0,20.23,13.24,18
1451,2026-04-24,9,16,2.0,1,38.8,25.86,14
1452,2026-04-24,12,24,4.0,0,29.63,41.66,15
1453,2026-04-24,17,178,0.0,0,189.97,64.78,10
1454,2026-04-24,14,47,0.0,2,26.04,33.45,15
1455,2026-04-24,1,2,2.0,2,8.14,6.37,18
1456,2026-04-24,17,36,1.0,0,30.98,65.43,9
1457,2026-04-24,12,221,1.0,0,196.38,33.15,16
1458,2026-04-24,7,21,0.0,0,16.0,7.86,15
1459,2026-04-24,19,48,1.0,0,40.06,51.57,9
1460,2026-04-24,28,89,0.0,0,46.32,80.37,6
1461,2026-04-24,20,43,3.0,0,42.77,59.51,10
1462,2026-04-24,23,38,0.0,1,47.13,59.69,5
1463,2026-04-24,8,14,0.0,2,13.15,29.03,12
1464,2026-04-24,14,23,0.0,0,39.6,48.12,17
1465,2026-04-24,1,1,1.0,1,11.0,7.06,18
1466,2026-04-24,13,37,1.0,1,26.98,48.0,11
1467,2026-04-24,13,41,1.0,0,19.03,41.81,16
1468,2026-04-24,19,47,0.0,0,42.69,57.68,15
1469,2026-04-24,14,28,0.0,1,23.56,60.64,7
1470,2026-04-24,16,42,2.0,0,27.02,55.44,18
1471,2026-04-24,12,34,1.0,1,18.64,36.85,11
1472,2026-04-24,7,20,2.0,1,28.25,22.95,8
1473,2026-04-24,16,45,4.0,2,31.88,45.16,6
1474,2026-04-24,15,36,0.0,0,39.03,37.74,16
1475,2026-04-24,29,88,0.0,0,49.24,100.0,5
1476,2026-04-24,19,30,0.0,1,47.87,47.95,10
1477,2026-04-24,9,28,1.0,2,31.04,35.0,9
1478,2026-04-24,17,55,1.0,0,30.61,61.53,11
1479,2026-04-24,2,4,1.0,1,15.27,0.0,21
1480,2026-04-24,17,25,0.0,1,45.42,51.32,8
1481,2026-04-24,8,15,2.0,1,35.7,21.03,18
1482,2026-04-24,19,46,1.0,1,40.95,44.66,7
1483,2026-04-24,17,42,2.0,0,41.78,51.58,8
1484,2026-04-24,16,13,1.0,0,43.47,45.03,13
1485,2026-04-24,14,47,0.0,1,39.03,49.43,7
1486,2026-04-24,2,3,0.0,1,20.12,2.09,13
1487,2026-04-24,8,13,3.0,0,37.53,14.09,15
1488,2026-04-24,12,25,0.0,0,27.76,29.68,6
1489,2026-04-24,20,30,1.0,0,38.61,,11
1490,2026-04-24,10,25,1.0,0,15.74,33.8,14
1491,2026-04-24,9,18,2.0,0,,,7
1492,2026-04-24,15,25,1.0,0,45.09,36.33,10
1493,2026-04-24,13,23,0.0,0,36.78,38.19,10
1494,2026-04-24,13,19,0.0,0,31.52,34.56,9
1495,2026-04-24,0,0,1.0,0,19.62,0.0,14
1496,2026-04-24,21,65,0.0,0,32.0,81.23,11
1497,2026-04-24,6,11,2.0,1,23.11,25.94,17
1498,2026-04-24,11,13,4.0,0,18.21,27.49,18
1499,2026-04-24,21,36,0.0,1,40.71,55.84,12
1500,2026-04-24,6,7,4.0,1,30.49,7.41,11
1501,2026-04-24,4,11,1.0,0,,11.23,17
1502,2026-04-24,16,23,1.0,1,50.07,49.41,6
1503,2026-04-24,8,6,2.0,1,30.03,23.85,9
1504,2026-04-24,16,28,0.0,0,13.83,45.48,17
1505,2026-04-24,14,29,0.0,0,45.75,39.8,15
1506,2026-04-24,18,24,0.0,0,34.08,49.68,12
1507,2026-04-24,4,20,1.0,0,25.35,26.14,9
1508,2026-04-24,23,44,0.0,0,39.7,61.44,7
1509,2026-04-24,11,23,1.0,1,37.81,,8
1510,2026-04-24,16,32,2.0,0,29.74,35.4,6
1511,2026-04-24,0,0,1.0,0,19.57,3.37,19
1512,2026-04-24,7,21,0.0,1,14.34,34.0,17
1513,2026-04-24,2,5,2.0,2,41.03,,18
1514,2026-04-24,20,66,0.0,0,43.02,56.27,8
1515,2026-04-24,8,15,0.0,0,36.88,32.52,10
1516,2026-04-24,22,40,0.0,0,61.88,70.53,7
1517,2026-04-24,20,39,2.0,0,26.13,49.4,8
1518,2026-04-24,3,6,2.0,0,30.95,6.66,16
1519,2026-04-24,16,36,2.0,1,31.67,49.57,10
1520,2026-04-24,17,28,1.0,2,36.97,55.09,7
1521,2026-04-24,14,17,,1,39.22,42.34,14
1522,2026-04-24,12,22,1.0,0,13.93,37.2,13
1523,2026-04-24,19,22,,0,29.33,58.49,8
1524,2026-04-24,4,3,1.0,0,40.19,22.13,20
1525,2026-04-24,14,33,2.0,0,,54.61,12
1526,2026-04-24,12,28,0.0,1,45.12,35.53,14
1527,2026-04-24,4,3,1.0,0,41.32,22.99,22
1528,2026-04-24,8,8,1.0,2,28.4,21.21,12
1529,2026-04-24,13,23,0.0,0,30.77,44.31,10
1530,2026-04-24,15,29,2.0,0,,40.19,13
1531,2026-04-24,17,49,1.0,1,53.01,48.62,13
1532,2026-04-24,6,13,1.0,0,28.67,28.56,17
1533,2026-04-24,15,38,,0,45.18,53.95,13
1534,2026-04-24,10,34,1.0,0,40.14,41.77,16
1535,2026-04-24,6,14,2.0,0,34.02,18.03,21
1536,2026-04-24,9,31,0.0,2,29.44,25.18,11
1537,2026-04-24,14,35,5.0,1,29.24,54.65,14
1538,2026-04-24,23,72,0.0,0,36.97,77.81,7
1539,2026-04-24,7,13,2.0,0,14.26,,10
1540,2026-04-24,13,37,1.0,0,47.8,45.29,15
1541,2026-04-24,20,20,1.0,0,41.67,55.44,8
1542,2026-04-24,7,20,1.0,0,17.94,19.93,12
1543,2026-04-24,8,23,0.0,0,36.26,23.8,17
1544,2026-04-24,16,35,1.0,1,33.13,46.9,8
1545,2026-04-24,16,22,0.0,0,31.35,,8
1546,2026-04-24,26,30,1.0,0,64.06,67.4,5
1547,2026-04-24,11,16,1.0,1,22.83,42.49,10
1548,2026-04-24,13,23,0.0,0,37.47,47.25,16
1549,2026-04-24,8,21,3.0,1,25.85,25.7,15
1550,2026-04-24,17,46,2.0,1,27.8,55.13,6
1551,2026-04-24,3,10,3.0,1,9.13,11.13,24
1552,2026-04-24,22,23,2.0,1,38.82,54.23,6
1553,2026-04-24,12,26,1.0,0,24.08,29.1,13
1554,2026-04-24,22,57,0.0,1,47.53,72.15,5
1555,2026-04-24,13,37,2.0,0,28.2,47.52,13
1556,2026-04-24,13,27,0.0,0,26.55,34.87,15
1557,2026-04-24,16,44,0.0,0,32.56,62.49,8
1558,2026-04-24,17,24,0.0,0,49.28,49.39,9
1559,2026-04-24,18,37,0.0,0,49.38,68.18,16
1560,2026-04-24,13,39,0.0,0,26.69,40.96,9
1561,2026-04-24,16,49,1.0,0,29.65,44.63,12
1562,2026-04-24,8,13,1.0,1,14.87,23.66,18
1563,2026-04-24,22,55,0.0,0,55.87,76.11,7
1564,2026-04-24,19,50,0.0,0,49.04,70.56,7
1565,2026-04-24,11,20,0.0,0,40.7,35.0,11
1566,2026-04-24,21,43,1.0,0,32.3,52.54,4
1567,2026-04-24,12,42,1.0,0,36.49,,7
1568,2026-04-24,9,22,2.0,0,33.45,33.59,10
1569,2026-04-24,24,50,0.0,1,38.24,73.83,3
1570,2026-04-24,10,21,2.0,0,26.73,27.17,15
1571,2026-04-24,16,33,0.0,0,27.28,38.65,14
1572,2026-04-24,3,9,2.0,0,31.26,8.23,20
1573,2026-04-24,5,12,,1,26.85,17.53,13
1574,2026-04-24,14,29,2.0,1,32.32,46.36,11
1575,2026-04-24,10,24,0.0,0,29.51,30.39,12
1576,2026-04-24,14,35,0.0,1,30.71,44.04,13
1577,2026-04-24,21,68,0.0,0,,58.68,8
1578,2026-04-24,14,29,2.0,0,26.18,52.61,14
1579,2026-04-24,5,9,1.0,0,12.66,9.71,16
1580,2026-04-24,6,14,0.0,0,15.98,12.15,15
1581,2026-04-24,8,10,1.0,1,25.68,20.69,15
1582,2026-04-24,2,6,1.0,1,23.99,5.88,13
1583,2026-04-24,10,13,1.0,1,22.06,33.09,14
1584,2026-04-24,15,41,1.0,0,46.85,61.93,12
1585,2026-04-24,10,24,3.0,1,42.83,40.77,16
1586,2026-04-24,7,16,1.0,0,29.96,23.87,19
1587,2026-04-24,9,34,2.0,0,39.16,32.83,12
1588,2026-04-24,15,37,1.0,0,27.45,43.78,9
1589,2026-04-24,19,31,1.0,1,35.89,51.02,4
1590,2026-04-24,9,18,1.0,1,35.25,31.64,16
1591,2026-04-24,13,27,3.0,1,34.92,38.51,16
1592,2026-04-24,24,71,1.0,0,34.93,81.48,6
1593,2026-04-24,9,24,0.0,1,42.83,32.32,16
1594,2026-04-24,25,39,0.0,0,48.32,78.05,6
1595,2026-04-24,13,24,0.0,1,36.22,33.44,10
1596,2026-04-24,5,12,1.0,0,18.0,11.32,21
1597,2026-04-24,9,18,1.0,0,47.18,39.12,16
1598,2026-04-24,8,23,0.0,1,25.2,26.85,12
1599,2026-04-24,8,22,2.0,0,33.64,25.52,9
1600,2026-04-24,17,39,2.0,0,32.04,51.83,13
1601,2026-04-24,10,24,0.0,0,33.4,40.14,11
1602,2026-04-24,24,71,1.0,0,,86.17,5
1603,2026-04-24,1,2,0.0,3,40.01,0.0,21
1604,2026-04-24,9,19,0.0,0,22.17,22.65,14
1605,2026-04-24,14,45,0.0,0,39.24,58.11,4
1606,2026-04-24,8,12,5.0,0,28.61,12.95,14
1607,2026-04-24,11,43,2.0,0,23.5,34.42,8
1608,2026-04-24,3,11,0.0,1,7.52,14.49,16
1609,2026-04-24,18,34,2.0,0,34.24,63.27,7
1610,2026-04-24,10,9,0.0,0,37.72,26.35,16
1611,2026-04-24,9,17,2.0,0,42.84,36.4,18
1612,2026-04-24,11,31,2.0,1,23.17,46.89,10
1613,2026-04-24,7,8,1.0,0,20.66,14.93,9
1614,2026-04-24,5,4,1.0,0,35.74,11.38,16
1615,2026-04-24,13,25,2.0,0,23.64,19.38,14
1616,2026-04-24,4,8,2.0,0,18.98,15.4,20
1617,2026-04-24,5,11,2.0,3,36.19,12.67,12
1618,2026-04-24,19,38,2.0,0,44.37,47.46,12
1619,2026-04-24,12,14,1.0,1,38.08,40.01,13
1620,2026-04-24,25,53,1.0,0,29.33,64.56,2
1621,2026-04-24,6,6,0.0,1,13.81,6.25,19
1622,2026-04-24,26,32,0.0,0,53.77,57.74,8
1623,2026-04-24,11,27,2.0,1,34.81,45.01,8
1624,2026-04-24,19,42,0.0,0,35.21,68.03,7
1625,2026-04-24,10,17,2.0,0,29.53,32.42,13
1626,2026-04-24,25,50,1.0,0,51.62,63.79,3
1627,2026-04-24,17,27,1.0,0,51.5,58.4,17
1628,2026-04-24,9,22,1.0,0,30.51,48.35,11
1629,2026-04-24,8,20,1.0,0,21.96,24.53,18
1630,2026-04-24,2,6,1.0,0,19.17,0.94,24
1631,2026-04-24,16,35,2.0,0,46.03,55.92,9
1632,2026-04-24,12,17,0.0,0,38.88,23.68,12
1633,2026-04-24,22,67,1.0,0,40.58,64.73,2
1634,2026-04-24,21,71,1.0,0,40.15,58.64,6
1635,2026-04-24,18,24,1.0,0,44.53,47.05,10
1636,2026-04-24,4,9,1.0,0,37.17,7.17,15
1637,2026-04-24,7,20,1.0,1,15.87,32.57,13
1638,2026-04-24,10,13,1.0,0,30.94,28.17,13
1639,2026-04-24,23,51,0.0,0,50.17,71.75,7
1640,2026-04-24,15,33,1.0,0,33.57,43.1,11
1641,2026-04-24,15,36,1.0,0,34.5,52.91,13
1642,2026-04-24,13,29,1.0,1,27.26,33.69,15
1643,2026-04-24,12,38,1.0,0,30.19,33.3,10
1644,2026-04-24,21,46,,0,32.57,61.03,10
1645,2026-04-24,8,23,1.0,1,30.97,25.72,10
1646,2026-04-24,9,20,1.0,0,38.19,41.14,16
1647,2026-04-24,20,31,1.0,0,37.88,49.49,10
1648,2026-04-24,12,34,4.0,0,22.39,44.81,11
1649,2026-04-24,8,16,0.0,1,24.69,,24
1650,2026-04-24,5,15,0.0,0,18.18,17.66,11
1651,2026-04-24,12,16,1.0,0,39.22,37.75,8
1652,2026-04-24,12,20,2.0,1,20.58,27.8,14
1653,2026-04-24,19,30,0.0,0,41.07,55.4,10
1654,2026-04-24,16,33,1.0,0,32.13,41.0,9
1655,2026-04-24,16,17,1.0,0,30.39,47.8,8
1656,2026-04-24,11,23,2.0,0,43.1,35.83,10
1657,2026-04-24,4,12,0.0,0,22.6,15.85,12
1658,2026-04-24,16,43,1.0,1,33.56,64.34,18
1659,2026-04-24,13,52,3.0,0,29.46,44.84,15
1660,2026-04-24,10,10,3.0,1,32.64,28.48,16
1661,2026-04-24,17,33,2.0,1,42.18,39.52,10
1662,2026-04-24,5,21,1.0,1,36.69,25.15,10
1663,2026-04-24,25,26,0.0,0,36.43,58.92,5
1664,2026-04-24,25,58,,0,42.47,75.55,6
1665,2026-04-24,10,25,1.0,0,33.97,35.93,15
1666,2026-04-24,13,15,4.0,1,33.09,32.51,12
1667,2026-04-24,12,45,1.0,0,23.02,52.98,11
1668,2026-04-24,23,37,1.0,0,57.59,71.3,14
1669,2026-04-24,10,12,0.0,0,27.89,28.31,4
1670,2026-04-24,18,30,0.0,1,35.03,36.05,9
1671,2026-04-24,18,58,1.0,0,36.46,57.72,11
1672,2026-04-24,3,5,2.0,2,26.0,10.19,15
1673,2026-04-24,10,19,2.0,0,24.61,37.81,18
1674,2026-04-24,24,41,0.0,0,43.14,,4
1675,2026-04-24,7,27,0.0,2,41.41,19.76,17
1676,2026-04-24,5,11,2.0,0,,17.49,25
1677,2026-04-24,9,26,1.0,0,30.54,16.93,15
1678,2026-04-24,7,22,0.0,0,22.64,20.39,22
1679,2026-04-24,7,16,0.0,0,8.19,17.8,13
1680,2026-04-24,9,26,2.0,0,24.21,22.47,13
1681,2026-04-24,18,23,0.0,0,41.23,65.91,5
1682,2026-04-24,9,26,2.0,1,25.02,34.33,15
1683,2026-04-24,10,24,0.0,0,24.6,16.61,10
1684,2026-04-24,5,18,1.0,1,33.22,24.55,16
1685,2026-04-24,23,36,0.0,0,39.24,67.88,2
1686,2026-04-24,16,29,1.0,1,39.58,52.35,13
1687,2026-04-24,17,41,1.0,1,34.95,46.79,8
1688,2026-04-24,16,30,0.0,0,35.98,55.2,8
1689,2026-04-24,14,22,2.0,1,42.92,41.13,9
1690,2026-04-24,14,46,1.0,0,37.68,48.71,13
1691,2026-04-24,5,14,2.0,1,14.54,21.21,21
1692,2026-04-24,16,43,1.0,0,39.72,49.38,13
1693,2026-04-24,10,33,0.0,0,,28.85,14
1694,2026-04-24,19,64,2.0,0,32.4,66.9,7
1695,2026-04-24,8,26,1.0,0,35.2,28.74,17
1696,2026-04-24,21,48,0.0,0,48.26,74.64,10
1697,2026-04-24,19,57,1.0,0,47.81,66.69,8
1698,2026-04-24,11,23,1.0,2,36.11,24.28,7
1699,2026-04-24,5,231,,0,354.22,17.11,18
1700,2026-04-24,7,18,1.0,1,27.74,22.64,10
1701,2026-04-24,24,57,0.0,0,51.1,71.4,8
1702,2026-04-24,21,19,0.0,0,29.02,77.71,10
1703,2026-04-24,20,42,1.0,1,38.28,78.71,8
1704,2026-04-24,24,45,1.0,0,42.12,74.32,8
1705,2026-04-24,9,14,1.0,0,28.86,17.4,14
1706,2026-04-24,6,6,1.0,2,21.07,11.1,6
1707,2026-04-24,6,10,1.0,1,12.14,24.53,13
1708,2026-04-24,16,26,2.0,1,24.73,,11
1709,2026-04-24,18,43,0.0,1,39.58,56.09,11
1710,2026-04-24,15,34,1.0,0,33.66,47.65,17
1711,2026-04-24,12,40,2.0,0,25.9,43.11,14
1712,2026-04-24,3,13,1.0,0,,3.63,22
1713,2026-04-24,4,9,0.0,1,29.26,12.4,16
1714,2026-04-24,16,32,0.0,0,47.13,42.78,12
1715,2026-04-24,10,13,0.0,0,28.27,29.31,12
1716,2026-04-24,14,17,1.0,0,39.05,34.45,13
1717,2026-04-24,13,18,0.0,0,33.97,50.91,7
1718,2026-04-24,19,27,3.0,0,39.48,40.2,4
1719,2026-04-24,10,32,0.0,0,47.03,34.03,16
1720,2026-04-24,12,24,,0,33.75,44.37,12
1721,2026-04-24,9,9,0.0,0,34.11,28.48,10
1722,2026-04-24,20,62,1.0,1,40.57,65.5,11
1723,2026-04-24,11,18,0.0,1,,34.58,14
1724,2026-04-24,17,29,1.0,0,40.29,41.66,10
1725,2026-04-24,10,8,1.0,1,29.39,21.41,9
1726,2026-04-24,2,4,0.0,0,,6.58,12
1727,2026-04-24,9,11,1.0,0,19.41,,12
1728,2026-04-24,30,39,0.0,1,51.36,90.99,3
1729,2026-04-24,13,38,2.0,0,30.95,34.88,16
1730,2026-04-24,10,26,2.0,1,31.46,31.18,12
1731,2026-04-24,5,9,1.0,1,28.34,27.41,16
1732,2026-04-24,24,47,0.0,0,57.92,86.3,8
1733,2026-04-24,10,21,2.0,0,23.66,22.58,11
1734,2026-04-24,23,37,0.0,0,,72.8,3
1735,2026-04-24,12,23,1.0,2,23.77,37.27,12
1736,2026-04-24,3,10,1.0,0,17.39,11.0,24
1737,2026-04-24,15,36,1.0,0,45.4,45.04,9
1738,2026-04-24,7,22,0.0,1,14.87,,17
1739,2026-04-24,3,11,0.0,0,14.14,17.46,20
1740,2026-04-24,25,74,0.0,0,44.15,89.21,11
1741,2026-04-24,9,20,0.0,0,31.32,14.83,9
1742,2026-04-24,15,40,0.0,0,20.48,34.65,9
1743,2026-04-24,12,28,1.0,1,20.82,54.83,13
1744,2026-04-24,12,39,0.0,0,25.74,40.4,13
1745,2026-04-24,15,15,3.0,0,41.58,41.76,7
1746,2026-04-24,11,34,1.0,0,35.45,42.98,15
1747,2026-04-24,6,22,5.0,0,21.5,16.09,22
1748,2026-04-24,15,26,0.0,0,36.08,40.41,14
1749,2026-04-24,10,23,2.0,0,31.1,31.92,16
1750,2026-04-24,9,27,0.0,0,30.04,39.87,15
1751,2026-04-24,11,30,1.0,1,15.32,37.44,18
1752,2026-04-24,19,56,1.0,0,34.18,69.01,8
1753,2026-04-24,5,5,0.0,0,39.11,15.05,11
1754,2026-04-24,24,55,2.0,0,42.27,84.36,6
1755,2026-04-24,3,4,0.0,0,17.71,,16
1756,2026-04-24,18,48,0.0,0,32.96,51.21,9
1757,2026-04-24,17,34,0.0,0,33.08,39.88,8
1758,2026-04-24,20,52,1.0,0,49.7,,15
1759,2026-04-24,12,29,2.0,3,40.59,47.15,5
1760,2026-04-24,21,40,0.0,0,30.32,47.23,12
1761,2026-04-24,13,29,1.0,0,41.31,39.14,8
1762,2026-04-24,9,14,2.0,1,34.67,21.62,10
1763,2026-04-24,17,29,0.0,2,35.51,46.02,8
1764,2026-04-24,23,42,0.0,0,42.97,62.92,8
1765,2026-04-24,20,53,1.0,1,46.43,65.39,6
1766,2026-04-24,6,13,0.0,0,39.15,31.4,18
1767,2026-04-24,28,72,0.0,0,33.93,80.05,7
1768,2026-04-24,15,39,0.0,0,38.96,40.35,15
1769,2026-04-24,7,22,4.0,0,29.2,47.18,9
1770,2026-04-24,24,53,0.0,0,34.22,72.18,10
1771,2026-04-24,22,27,0.0,0,42.63,75.37,5
1772,2026-04-24,23,38,1.0,0,51.75,77.38,9
1773,2026-04-24,2,1,2.0,0,24.03,5.29,15
1774,2026-04-24,3,6,2.0,1,37.06,6.68,16
1775,2026-04-24,12,30,2.0,0,25.65,44.24,14
1776,2026-04-24,5,15,1.0,0,29.57,31.38,16
1777,2026-04-24,23,57,1.0,1,47.78,78.36,6
1778,2026-04-24,15,37,,0,41.8,52.28,13
1779,2026-04-24,8,27,0.0,0,39.56,21.84,19
1780,2026-04-24,15,29,1.0,0,33.57,41.07,9
1781,2026-04-24,14,23,1.0,1,31.15,60.63,15
1782,2026-04-24,9,17,0.0,0,25.69,36.71,12
1783,2026-04-24,21,58,0.0,0,40.29,55.33,7
1784,2026-04-24,12,23,,0,39.62,31.98,6
1785,2026-04-24,16,36,0.0,1,24.96,59.71,12
1786,2026-04-24,14,23,0.0,1,27.17,,9
1787,2026-04-24,19,60,,0,43.31,60.93,9
1788,2026-04-24,0,0,2.0,1,10.9,5.92,21
1789,2026-04-24,16,31,1.0,1,28.98,50.94,7
1790,2026-04-24,14,55,1.0,0,35.51,35.11,14
1791,2026-04-24,5,14,0.0,1,25.17,15.88,17
1792,2026-04-24,13,27,0.0,1,27.3,41.75,9
1793,2026-04-24,10,18,0.0,0,41.14,32.84,12
1794,2026-04-24,22,54,0.0,0,28.65,65.6,9
1795,2026-04-24,5,13,0.0,0,13.31,18.92,19
1796,2026-04-24,25,32,0.0,1,59.17,80.76,9
1797,2026-04-24,14,37,0.0,0,34.97,46.53,12
1798,2026-04-24,20,34,0.0,0,45.54,64.07,8
1799,2026-04-24,5,8,2.0,1,21.44,16.25,22
1800,2026-04-24,3,8,0.0,1,22.74,7.08,11
1801,2026-04-24,16,38,,2,27.88,45.25,10
1802,2026-04-24,26,43,0.0,0,53.3,85.89,6
1803,2026-04-24,23,47,0.0,0,50.87,74.97,9
1804,2026-04-24,26,42,0.0,0,49.11,86.25,2
1805,2026-04-24,20,30,1.0,0,42.63,46.96,11
1806,2026-04-24,1,3,,0,26.84,8.08,17
1807,2026-04-24,10,25,0.0,0,18.74,27.82,10
1808,2026-04-24,8,23,4.0,0,26.36,36.45,10
1809,2026-04-24,14,14,0.0,0,26.87,37.16,9
1810,2026-04-24,18,46,1.0,0,43.66,58.65,14
1811,2026-04-24,7,24,1.0,1,31.91,26.72,16
1812,2026-04-24,10,34,0.0,0,31.77,34.43,15
1813,2026-04-24,25,77,0.0,0,49.19,66.39,10
1814,2026-04-24,22,48,0.0,0,26.2,58.13,7
1815,2026-04-24,9,16,1.0,1,31.5,39.81,16
1816,2026-04-24,23,61,0.0,0,,72.59,5
1817,2026-04-24,24,73,0.0,0,41.63,72.21,6
1818,2026-04-24,23,66,2.0,0,47.75,79.49,15
1819,2026-04-24,9,18,1.0,0,28.83,29.04,14
1820,2026-04-24,16,18,0.0,2,26.33,44.83,12
1821,2026-04-24,21,51,0.0,0,40.66,58.79,7
1822,2026-04-24,15,121,0.0,1,217.37,47.35,11
1823,2026-04-24,16,22,2.0,1,,41.51,7
1824,2026-04-24,23,40,1.0,0,40.16,73.3,10
1825,2026-04-24,11,19,1.0,0,31.03,29.5,13
1826,2026-04-24,9,15,3.0,1,43.41,31.25,14
1827,2026-04-24,19,57,2.0,0,31.08,57.9,12
1828,2026-04-24,11,19,3.0,0,42.03,46.91,12
1829,2026-04-24,16,29,0.0,0,31.37,62.49,13
1830,2026-04-24,6,14,2.0,1,15.64,12.08,21
1831,2026-04-24,6,9,1.0,1,15.54,,12
1832,2026-04-24,18,35,1.0,0,42.36,53.01,6
1833,2026-04-24,7,15,,1,26.85,23.2,11
1834,2026-04-24,13,38,1.0,0,28.91,43.33,18
1835,2026-04-24,21,70,1.0,1,42.57,53.02,13
1836,2026-04-24,19,36,0.0,0,35.57,56.19,7
1837,2026-04-24,10,8,2.0,0,28.79,32.6,17
1838,2026-04-24,11,22,,0,32.29,47.11,22
1839,2026-04-24,19,41,0.0,0,34.76,58.13,9
1840,2026-04-24,15,29,1.0,0,47.08,43.47,7
1841,2026-04-24,1,2,,1,31.19,1.05,27
1842,2026-04-24,14,32,0.0,1,46.85,32.66,10
1843,2026-04-24,17,19,5.0,0,30.61,41.68,19
1844,2026-04-24,13,21,1.0,0,,40.63,13
1845,2026-04-24,20,22,2.0,2,35.6,56.77,5
1846,2026-04-24,15,25,0.0,0,45.6,37.92,7
1847,2026-04-24,17,38,2.0,0,34.73,43.46,10
1848,2026-04-24,12,34,1.0,0,21.05,27.0,17
1849,2026-04-24,4,0,3.0,0,29.41,,18
1850,2026-04-24,12,24,2.0,1,26.3,54.28,18
1851,2026-04-24,5,9,1.0,0,11.02,14.33,5
1852,2026-04-24,25,51,0.0,1,39.77,59.77,6
1853,2026-04-24,7,18,2.0,0,22.65,19.47,4
1854,2026-04-24,7,9,1.0,1,25.38,23.64,9
1855,2026-04-24,17,23,1.0,0,16.67,42.82,18
1856,2026-04-24,8,13,0.0,0,,28.69,9
1857,2026-04-24,11,37,2.0,0,34.9,45.53,24
1858,2026-04-24,19,33,1.0,0,30.13,60.24,10
1859,2026-04-24,6,250,2.0,1,400.59,8.35,16
1860,2026-04-24,12,21,3.0,0,29.41,38.04,18
1861,2026-04-24,6,12,1.0,4,31.39,15.21,13
1862,2026-04-24,23,36,2.0,1,33.1,63.68,11
1863,2026-04-24,17,44,1.0,0,30.24,46.32,10
1864,2026-04-24,11,19,0.0,0,,20.08,12
1865,2026-04-24,20,36,0.0,0,27.11,57.49,9
1866,2026-04-24,10,15,1.0,0,40.94,25.32,20
1867,2026-04-24,7,18,0.0,0,23.89,17.59,15
1868,2026-04-24,15,15,,0,27.78,36.86,10
1869,2026-04-24,10,17,1.0,0,34.33,37.06,12
1870,2026-04-24,7,22,0.0,0,10.18,18.43,15
1871,2026-04-24,2,1,2.0,0,28.47,1.37,14
1872,2026-04-24,18,28,3.0,0,48.54,51.96,9
1873,2026-04-24,5,14,2.0,0,25.91,13.81,22
1874,2026-04-24,21,59,1.0,0,41.34,49.35,7
1875,2026-04-24,11,18,2.0,0,33.09,40.72,20
1876,2026-04-24,23,58,0.0,0,49.41,,9
1877,2026-04-24,17,42,1.0,1,26.38,48.17,14
1878,2026-04-24,8,19,2.0,3,30.44,21.61,9
1879,2026-04-24,8,11,3.0,0,29.06,18.69,17
1880,2026-04-24,12,29,0.0,0,27.07,35.86,14
1881,2026-04-24,10,25,0.0,0,37.2,30.91,13
1882,2026-04-24,12,35,1.0,0,52.61,32.9,11
1883,2026-04-24,16,20,0.0,0,36.46,44.72,12
1884,2026-04-24,2,4,,1,26.07,10.61,16
1885,2026-04-24,12,22,,0,29.16,38.28,7
1886,2026-04-24,5,19,3.0,1,36.5,21.8,20
1887,2026-04-24,22,39,0.0,0,40.09,69.6,7
1888,2026-04-24,9,24,1.0,0,57.88,35.63,14
1889,2026-04-24,5,13,0.0,0,9.2,8.46,18
1890,2026-04-24,11,38,2.0,0,53.34,45.52,20
1891,2026-04-24,6,15,0.0,0,30.92,14.74,20
1892,2026-04-24,6,18,3.0,1,16.85,,11
1893,2026-04-24,9,10,2.0,1,49.66,29.32,11
1894,2026-04-24,4,7,2.0,0,18.81,18.14,21
1895,2026-04-24,13,27,0.0,0,33.8,46.73,19
1896,2026-04-24,7,18,,1,20.33,27.21,12
1897,2026-04-24,8,10,2.0,0,25.07,17.68,21
1898,2026-04-24,13,32,1.0,0,,46.52,10
1899,2026-04-24,12,42,2.0,0,31.68,34.2,14
1900,2026-04-24,13,48,0.0,2,53.14,58.49,11
1901,2026-04-24,1,2,2.0,0,15.63,8.37,22
1902,2026-04-24,5,20,4.0,0,1.0,18.45,7
1903,2026-04-24,19,26,2.0,1,39.79,52.8,12
1904,2026-04-24,19,44,0.0,0,36.43,57.26,8
1905,2026-04-24,17,41,0.0,1,49.24,42.41,13
1906,2026-04-24,7,17,3.0,1,24.85,14.94,17
1907,2026-04-24,8,16,1.0,2,21.68,29.62,10
1908,2026-04-24,3,5,1.0,0,17.99,24.21,16
1909,2026-04-24,10,24,4.0,0,33.02,34.08,20
1910,2026-04-24,11,18,2.0,1,27.06,30.09,16
1911,2026-04-24,27,75,,1,58.51,94.82,8
1912,2026-04-24,21,38,0.0,1,,58.13,9
1913,2026-04-24,15,51,3.0,0,45.02,41.88,14
1914,2026-04-24,9,21,0.0,0,20.89,35.09,14
1915,2026-04-24,14,42,1.0,0,22.33,57.14,19
1916,2026-04-24,7,15,1.0,0,31.75,15.44,15
1917,2026-04-24,10,23,0.0,0,27.31,23.49,10
1918,2026-04-24,21,27,1.0,0,38.22,59.13,10
1919,2026-04-24,9,30,1.0,0,,36.81,14
1920,2026-04-24,3,8,1.0,0,14.31,0.0,16
1921,2026-04-24,11,33,2.0,0,35.57,42.03,15
1922,2026-04-24,14,20,1.0,1,,35.92,6
1923,2026-04-24,13,39,0.0,0,20.92,42.3,10
1924,2026-04-24,22,44,1.0,0,44.59,48.74,6
1925,2026-04-24,7,14,0.0,1,34.0,10.69,14
1926,2026-04-24,11,23,4.0,0,31.77,,15
1927,2026-04-24,16,23,0.0,0,47.73,59.42,11
1928,2026-04-24,5,12,2.0,1,20.29,22.33,13
1929,2026-04-24,15,58,2.0,0,40.82,68.26,18
1930,2026-04-24,16,47,1.0,0,38.0,47.03,10
1931,2026-04-24,4,9,2.0,1,17.7,8.41,17
1932,2026-04-24,14,39,1.0,2,45.03,36.01,5
1933,2026-04-24,10,19,1.0,0,,34.23,12
1934,2026-04-24,9,18,1.0,0,27.61,35.18,11
1935,2026-04-24,27,84,2.0,0,49.69,86.26,11
1936,2026-04-24,13,31,2.0,3,26.68,45.64,18
1937,2026-04-24,10,14,1.0,0,22.56,36.11,14
1938,2026-04-24,10,29,3.0,0,27.4,44.68,9
1939,2026-04-24,6,22,2.0,0,24.33,21.35,19
1940,2026-04-24,14,35,,0,31.21,51.87,10
1941,2026-04-24,18,43,1.0,0,49.51,,5
1942,2026-04-24,7,14,0.0,0,22.53,25.29,23
1943,2026-04-24,6,12,0.0,0,18.32,18.51,12
1944,2026-04-24,14,31,0.0,0,28.59,,11
1945,2026-04-24,15,39,1.0,1,21.43,43.72,9
1946,2026-04-24,23,60,1.0,0,,71.52,8
1947,2026-04-24,26,127,1.0,0,268.08,80.08,8
1948,2026-04-24,22,47,0.0,0,45.76,59.52,8
1949,2026-04-24,18,39,1.0,0,44.84,43.3,9
1950,2026-04-24,13,35,1.0,0,,49.57,9
1951,2026-04-24,17,18,1.0,0,53.52,55.12,12
1952,2026-04-24,27,81,0.0,0,41.12,93.53,10
1953,2026-04-24,13,20,1.0,1,20.85,25.34,10
1954,2026-04-24,14,45,1.0,1,39.47,47.58,7
1955,2026-04-24,5,10,1.0,0,23.87,6.03,16
1956,2026-04-24,16,35,2.0,1,35.35,53.08,12
1957,2026-04-24,25,68,0.0,0,55.63,89.7,7
1958,2026-04-24,23,50,2.0,0,49.48,89.41,10
1959,2026-04-24,10,26,2.0,0,34.54,38.96,17
1960,2026-04-24,16,61,5.0,1,47.59,61.02,13
1961,2026-04-24,12,38,1.0,0,,45.36,14
1962,2026-04-24,11,29,1.0,0,,35.19,9
1963,2026-04-24,5,20,0.0,1,16.95,24.45,10
1964,2026-04-24,4,9,1.0,1,,17.18,15
1965,2026-04-24,6,6,0.0,0,11.1,28.5,16
1966,2026-04-24,19,30,0.0,0,33.85,55.78,10
1967,2026-04-24,10,25,1.0,0,27.22,35.38,15
1968,2026-04-24,4,8,3.0,0,41.5,16.44,20
1969,2026-04-24,21,40,0.0,0,39.19,66.12,10
1970,2026-04-24,22,50,1.0,0,45.73,69.16,12
1971,2026-04-24,7,8,,1,22.98,21.22,18
1972,2026-04-24,15,21,1.0,0,27.92,52.59,8
1973,2026-04-24,13,41,1.0,0,32.92,43.17,9
1974,2026-04-24,18,23,,0,36.17,70.28,16
1975,2026-04-24,9,19,2.0,0,,31.62,14
1976,2026-04-24,18,38,0.0,0,47.82,63.61,10
1977,2026-04-24,15,39,1.0,2,54.36,55.3,13
1978,2026-04-24,14,46,0.0,0,26.33,51.75,12
1979,2026-04-24,19,56,2.0,1,38.97,69.93,9
1980,2026-04-24,1,2,1.0,0,,0.0,27
1981,2026-04-24,11,25,1.0,1,29.09,35.16,15
1982,2026-04-24,17,30,0.0,0,59.05,64.93,5
1983,2026-04-24,21,35,0.0,1,40.1,70.51,8
1984,2026-04-24,27,64,1.0,0,22.77,84.33,8
1985,2026-04-24,2,6,3.0,0,19.74,13.14,11
1986,2026-04-24,13,47,2.0,0,31.17,40.04,13
1987,2026-04-24,4,11,0.0,3,23.52,12.58,12
1988,2026-04-24,4,8,4.0,1,16.18,6.94,18
1989,2026-04-24,13,35,0.0,0,25.46,39.71,15
1990,2026-04-24,5,10,1.0,1,41.91,22.38,11
1991,2026-04-24,11,13,1.0,0,37.56,47.0,12
1992,2026-04-24,7,11,2.0,2,27.66,28.05,11
1993,2026-04-24,16,39,1.0,0,52.99,,8
1994,2026-04-24,15,15,0.0,0,31.54,49.36,17
1995,2026-04-24,13,37,0.0,0,36.54,44.24,18
1996,2026-04-24,10,20,2.0,0,16.08,13.28,19
1997,2026-04-24,14,29,1.0,0,48.17,56.85,16
1998,2026-04-24,3,9,1.0,0,13.89,9.54,25
1999,2026-04-24,7,5,1.0,0,29.12,18.37,15
2000,2026-04-24,9,12,1.0,2,44.48,28.52,10
