user_id,signup_date,country,plan_type,monthly_fee,churn
1,2026-01-07,US,standard,18.34,0
2,2024-05-21,FR,standard,19.18,0
3,2024-09-02,US,basic,10.4,0
4,2025-03-09,US,standard,19.05,0
5,2025-03-14,IN,basic,9.57,0
6,2024-03-09,FR,standard,20.65,0
7,2026-01-10,ES,standard,19.47,0
8,2024-07-27,DE,basic,10.33,1
9,2025-10-01,IN,basic,12.38,0
10,2026-01-03,FR,standard,19.73,0
11,2024-12-22,IN,basic,11.76,0
12,2023-11-28,BR,premium,40.83,0
13,2024-06-23,FR,standard,17.79,0
14,2024-06-01,ES,standard,18.34,0
15,2024-07-09,DE,basic,8.74,0
16,2024-05-11,US,standard,18.71,0
17,2025-01-03,IN,premium,39.85,0
18,2025-12-04,NL,basic,10.91,0
19,2024-03-25,US,basic,11.87,0
20,2025-02-27,FR,basic,10.45,0
21,2025-01-14,NL,basic,9.32,0
22,2025-05-07,IN,standard,16.87,0
23,2025-10-18,ES,basic,10.1,0
24,2024-01-09,BR,standard,20.03,0
25,2024-05-15,IN,basic,10.26,0
26,2024-09-11,DE,basic,13.15,0
27,2025-04-09,ES,basic,11.85,0
28,2024-04-09,DE,premium,41.17,0
29,2024-12-06,IN,standard,18.55,0
30,2025-03-05,FR,basic,9.22,0
31,2025-02-27,BR,standard,19.85,0
32,2025-09-09,IN,basic,8.83,0
33,2026-01-04,BR,basic,10.74,0
34,2024-11-28,NL,basic,10.53,0
35,2024-02-12,FR,premium,38.36,0
36,2026-01-29,IN,standard,21.79,0
37,2024-03-09,DE,standard,20.14,1
38,2024-04-04,FR,basic,7.4,0
39,2025-07-28,FR,basic,9.91,0
40,2024-09-22,US,standard,20.41,0
41,2025-11-02,US,basic,11.45,1
42,2024-06-04,IN,premium,39.48,0
43,2024-07-24,IN,standard,21.23,1
44,2025-05-21,IN,basic,10.27,0
45,2026-01-25,US,standard,18.02,0
46,2023-12-02,DE,premium,37.87,0
47,2025-03-03,US,basic,11.67,0
48,2024-02-07,PL,standard,21.78,0
49,2024-08-13,NL,premium,40.47,0
50,2024-05-17,DE,basic,12.23,1
51,2024-06-02,IN,premium,41.57,0
52,2025-10-07,US,basic,11.02,0
53,2025-05-13,DE,standard,18.62,0
54,2025-02-12,US,standard,22.59,0
55,2025-01-16,DE,standard,20.79,0
56,2026-02-15,IN,standard,19.41,1
57,2024-12-05,NL,standard,18.99,0
58,2025-11-11,US,basic,10.38,0
59,2024-06-17,BR,basic,7.48,0
60,2024-08-08,IN,basic,11.04,0
61,2024-01-13,ES,standard,18.56,0
62,2024-06-16,IN,basic,10.55,0
63,2025-05-11,DE,basic,9.21,1
64,2023-12-05,IN,premium,39.59,1
65,2025-04-02,DE,basic,8.85,0
66,2025-06-15,ES,basic,9.75,0
67,2024-01-28,FR,basic,12.82,0
68,2025-05-07,IN,basic,12.07,0
69,2026-01-18,US,standard,20.52,0
70,2025-02-10,FR,basic,9.95,0
71,2024-05-02,NL,basic,11.26,0
72,2025-10-12,IN,premium,41.68,0
73,2025-02-16,FR,standard,18.75,0
74,2025-12-02,ES,standard,19.87,0
75,2024-08-05,NL,premium,37.26,0
76,2025-02-05,DE,premium,41.67,0
77,2025-06-11,BR,basic,13.09,0
78,2025-09-09,FR,standard,20.11,0
79,2024-11-19,IN,standard,16.8,0
80,2024-08-20,DE,basic,10.9,0
81,2023-12-28,DE,basic,8.63,0
82,2025-03-10,NL,basic,8.99,1
83,2025-11-06,ES,standard,20.93,0
84,2024-03-31,NL,standard,20.37,0
85,2024-09-24,ES,standard,19.26,0
86,2024-07-24,IN,basic,9.02,0
87,2025-12-31,PL,basic,10.18,0
88,2025-06-27,PL,basic,9.38,0
89,2024-05-26,FR,standard,18.33,0
90,2024-03-31,FR,premium,39.49,0
91,2025-03-12,DE,premium,40.5,0
92,2024-04-24,IN,premium,39.72,0
93,2024-03-23,DE,premium,37.87,0
94,2025-04-22,DE,premium,41.47,0
95,2024-02-03,BR,basic,5.88,0
96,2025-07-18,FR,basic,9.32,0
97,2025-08-29,US,basic,9.06,0
98,2024-08-09,PL,basic,10.21,0
99,2024-09-18,NL,basic,10.83,0
100,2025-11-24,US,basic,11.68,0
101,2024-03-31,US,premium,38.92,0
102,2025-10-03,DE,basic,10.87,0
103,2024-04-24,PL,premium,40.28,0
104,2026-03-19,PL,standard,17.42,0
105,2024-05-01,US,standard,22.84,0
106,2024-05-10,PL,standard,17.83,0
107,2024-05-16,US,basic,10.62,0
108,2024-08-24,FR,standard,20.57,1
109,2025-02-08,ES,basic,10.4,0
110,2024-07-20,US,premium,39.25,0
111,2025-07-27,US,basic,11.23,0
112,2024-05-15,FR,basic,7.65,0
113,2024-11-27,IN,standard,19.89,0
114,2025-02-19,ES,standard,19.14,0
115,2025-01-10,ES,basic,8.97,0
116,2024-11-16,US,standard,20.63,0
117,2026-02-21,US,basic,11.61,0
118,2025-11-24,PL,standard,19.48,0
119,2025-08-24,DE,basic,11.16,0
120,2025-12-16,NL,basic,10.06,0
121,2025-03-08,IN,basic,8.65,0
122,2024-08-21,US,basic,9.6,0
123,2024-09-02,PL,basic,9.54,0
124,2025-02-09,US,basic,8.95,0
125,2024-03-12,FR,basic,10.63,0
126,2024-11-19,BR,basic,10.34,1
127,2026-01-16,BR,standard,17.6,0
128,2024-05-29,IN,basic,7.51,0
129,2024-11-11,IN,standard,20.63,0
130,2024-09-19,ES,premium,38.77,0
131,2024-11-19,ES,basic,10.44,0
132,2024-11-29,BR,premium,41.16,0
133,2026-01-06,US,basic,8.08,0
134,2024-11-24,IN,basic,7.87,0
135,2024-05-03,ES,standard,22.5,1
136,2025-07-04,DE,standard,20.52,0
137,2024-10-17,FR,premium,39.36,0
138,2026-02-27,FR,basic,8.59,0
139,2025-05-27,US,standard,19.22,0
140,2025-03-11,IN,basic,8.2,0
141,2023-11-22,DE,basic,11.32,0
142,2025-09-20,PL,basic,8.82,0
143,2025-07-28,PL,premium,41.63,0
144,2025-04-04,PL,basic,9.39,0
145,2023-11-13,FR,standard,18.42,0
146,2024-03-13,DE,standard,19.35,0
147,2026-02-23,IN,standard,16.05,0
148,2025-09-03,PL,standard,19.81,0
149,2024-04-10,FR,premium,39.73,0
150,2026-02-03,NL,basic,11.23,0
151,2024-03-11,US,basic,7.16,0
152,2025-07-24,NL,standard,21.73,0
153,2024-01-17,US,basic,11.22,1
154,2025-07-13,US,basic,11.87,0
155,2025-03-13,BR,basic,9.91,0
156,2024-08-27,US,basic,11.51,0
157,2025-12-06,US,basic,7.78,0
158,2024-11-26,US,basic,11.06,1
159,2025-01-10,FR,premium,38.83,0
160,2024-05-13,PL,basic,7.51,0
161,2023-11-10,US,premium,38.3,0
162,2024-08-25,IN,premium,40.0,0
163,2025-04-04,PL,basic,8.75,0
164,2025-04-06,US,standard,20.55,0
165,2025-03-27,US,standard,17.28,0
166,2024-04-16,NL,standard,16.8,0
167,2025-06-19,PL,basic,12.05,0
168,2025-10-31,BR,basic,11.35,0
169,2025-06-08,PL,basic,8.42,0
170,2026-03-06,US,standard,19.99,0
171,2025-12-23,FR,premium,41.52,0
172,2026-01-06,IN,standard,20.62,0
173,2024-05-23,DE,standard,20.21,0
174,2024-07-05,IN,premium,41.63,0
175,2024-07-27,BR,standard,18.89,0
176,2025-02-17,IN,basic,10.04,0
177,2024-07-10,FR,premium,39.96,0
178,2025-11-05,DE,basic,9.58,0
179,2024-02-01,US,basic,9.41,0
180,2025-01-14,US,standard,20.1,0
181,2023-12-30,IN,premium,40.04,0
182,2025-11-13,US,basic,8.42,0
183,2025-01-17,US,standard,21.19,0
184,2024-07-28,US,basic,8.53,0
185,2025-01-18,US,basic,9.66,0
186,2025-03-02,PL,basic,9.55,0
187,2025-11-01,FR,standard,20.53,0
188,2025-04-28,ES,premium,36.81,0
189,2025-08-30,US,basic,11.33,0
190,2025-07-06,IN,basic,8.97,0
191,2024-08-08,FR,basic,11.82,0
192,2024-09-23,FR,basic,9.27,0
193,2024-10-13,NL,standard,19.92,0
194,2025-05-15,ES,standard,22.86,0
195,2023-12-12,NL,standard,19.57,0
196,2026-01-08,US,basic,11.85,0
197,2025-05-31,US,standard,20.05,1
198,2025-12-13,IN,basic,10.61,0
199,2025-06-04,DE,basic,10.09,1
200,2023-12-10,IN,premium,41.26,0
201,2025-05-11,BR,standard,18.96,0
202,2024-01-25,BR,premium,38.51,0
203,2025-01-19,PL,premium,39.03,1
204,2024-07-25,IN,standard,20.14,0
205,2025-02-21,US,premium,39.66,0
206,2025-08-06,US,basic,11.06,0
207,2024-05-30,IN,basic,11.95,0
208,2023-12-03,FR,basic,8.53,0
209,2025-08-08,DE,basic,8.89,0
210,2024-05-17,FR,basic,7.84,0
211,2025-08-10,IN,basic,13.04,0
212,2024-07-10,PL,standard,20.45,0
213,2024-05-08,BR,standard,20.71,0
214,2025-02-28,FR,standard,17.98,0
215,2024-06-22,DE,basic,9.99,0
216,2025-08-01,BR,standard,20.75,0
217,2026-01-16,DE,basic,9.61,0
218,2026-01-01,BR,basic,11.6,0
219,2025-03-02,IN,basic,13.46,0
220,2024-01-30,US,basic,8.57,0
221,2025-12-05,US,basic,8.46,0
222,2025-02-22,US,standard,18.67,0
223,2024-07-21,NL,standard,22.4,0
224,2025-09-30,IN,standard,21.55,0
225,2024-07-06,US,basic,9.79,0
226,2025-07-02,NL,standard,20.04,0
227,2024-04-21,FR,standard,18.77,0
228,2024-11-07,FR,basic,11.33,0
229,2024-12-05,ES,standard,19.42,0
230,2025-10-23,US,standard,19.6,0
231,2025-02-16,US,basic,10.9,0
232,2024-03-10,BR,basic,9.71,0
233,2026-03-09,US,standard,19.64,0
234,2024-06-04,IN,basic,10.01,0
235,2025-01-21,US,basic,11.18,0
236,2024-07-08,US,basic,12.46,0
237,2024-08-25,US,premium,40.87,1
238,2025-03-15,FR,basic,11.19,0
239,2025-06-30,US,basic,9.69,0
240,2024-09-26,US,basic,8.93,0
241,2025-11-24,NL,premium,40.97,0
242,2024-11-02,DE,standard,20.25,0
243,2026-01-02,DE,premium,37.86,0
244,2024-09-06,US,basic,9.5,1
245,2024-09-24,DE,basic,9.87,0
246,2026-01-11,DE,standard,19.22,0
247,2024-06-04,IN,basic,12.21,0
248,2025-03-29,US,standard,20.71,0
249,2024-05-10,NL,premium,42.05,0
250,2026-02-17,ES,basic,10.39,1
251,2025-10-20,US,premium,40.11,0
252,2025-01-20,US,standard,18.59,0
253,2025-10-13,US,basic,10.01,0
254,2025-06-12,IN,standard,20.01,0
255,2024-08-28,US,basic,7.94,0
256,2025-11-20,NL,standard,19.18,0
257,2024-08-13,IN,basic,9.51,0
258,2025-12-26,PL,basic,10.61,0
259,2025-10-24,BR,standard,20.68,0
260,2024-10-30,ES,basic,9.12,1
261,2024-05-04,US,basic,10.69,0
262,2025-10-28,FR,standard,19.72,0
263,2025-07-08,DE,basic,5.69,0
264,2024-01-11,ES,basic,9.26,0
265,2023-11-15,BR,basic,11.61,0
266,2024-11-05,PL,basic,7.47,0
267,2025-03-02,US,basic,10.16,0
268,2025-05-28,ES,standard,22.37,0
269,2024-10-09,FR,premium,38.85,0
270,2024-10-27,FR,basic,9.99,0
271,2025-07-12,ES,premium,38.03,0
272,2026-03-06,FR,standard,22.43,0
273,2025-11-14,FR,standard,19.87,0
274,2023-12-13,BR,standard,20.06,0
275,2025-03-27,US,standard,22.02,0
276,2025-01-30,DE,standard,20.98,0
277,2025-02-12,US,standard,18.68,0
278,2024-05-14,US,standard,19.02,0
279,2026-01-28,NL,basic,10.73,0
280,2026-01-13,BR,basic,9.05,0
281,2025-07-29,DE,standard,16.81,1
282,2025-01-26,FR,basic,9.91,1
283,2024-08-19,FR,basic,7.77,0
284,2025-01-23,IN,basic,12.41,0
285,2025-03-07,ES,basic,10.26,0
286,2023-12-31,ES,standard,18.63,1
287,2025-11-05,FR,standard,18.94,0
288,2024-11-13,DE,basic,7.16,1
289,2024-12-09,FR,basic,8.34,0
290,2025-02-07,BR,basic,11.51,0
291,2024-04-22,FR,basic,13.34,0
292,2025-08-05,IN,standard,21.08,0
293,2023-12-17,BR,standard,19.85,0
294,2025-06-10,DE,standard,19.34,0
295,2024-12-06,DE,standard,18.56,0
296,2024-12-28,DE,premium,43.08,0
297,2024-03-16,US,standard,19.71,0
298,2025-03-09,US,standard,23.16,0
299,2025-07-21,IN,basic,12.08,0
300,2026-03-07,FR,basic,7.38,0
301,2025-05-13,US,premium,38.99,0
302,2024-04-06,BR,basic,8.99,0
303,2026-03-17,IN,basic,9.87,0
304,2024-02-05,DE,premium,39.9,0
305,2024-12-08,PL,standard,24.48,0
306,2025-11-23,ES,basic,8.37,0
307,2025-07-06,BR,basic,10.33,0
308,2024-11-28,IN,basic,10.91,0
309,2025-06-24,US,standard,19.99,0
310,2025-12-21,ES,basic,10.16,0
311,2024-08-23,FR,premium,38.42,0
312,2024-08-18,ES,premium,40.15,0
313,2025-12-12,BR,standard,20.76,0
314,2025-07-24,US,standard,20.48,0
315,2025-08-25,US,basic,10.85,1
316,2024-08-29,IN,basic,12.11,0
317,2024-06-28,BR,standard,21.4,0
318,2024-07-01,US,basic,10.1,0
319,2023-12-30,IN,basic,8.23,1
320,2024-05-26,NL,basic,9.09,0
321,2025-06-20,FR,basic,9.66,0
322,2025-12-22,FR,basic,10.37,0
323,2024-10-07,US,standard,19.27,0
324,2024-01-19,PL,standard,18.59,0
325,2023-11-28,DE,standard,18.21,0
326,2025-09-06,NL,premium,37.51,0
327,2025-09-01,DE,basic,9.64,0
328,2026-02-21,BR,premium,37.79,1
329,2025-11-23,DE,standard,18.49,0
330,2024-11-28,US,basic,9.4,0
331,2024-12-05,PL,premium,37.99,0
332,2025-05-07,FR,basic,10.56,1
333,2025-06-29,BR,basic,11.1,0
334,2024-04-03,ES,basic,9.17,0
335,2025-02-18,ES,basic,9.33,0
336,2024-04-21,NL,basic,10.8,1
337,2023-12-09,US,standard,18.92,0
338,2025-06-23,BR,premium,38.82,0
339,2025-09-30,NL,basic,11.78,0
340,2023-12-17,DE,standard,21.32,0
341,2024-09-19,US,basic,10.89,0
342,2025-07-15,PL,standard,21.38,0
343,2024-09-30,FR,basic,7.02,0
344,2025-01-01,BR,basic,12.02,0
345,2024-01-28,ES,standard,20.58,0
346,2025-08-15,IN,standard,21.51,0
347,2023-11-14,FR,standard,20.57,0
348,2024-01-01,DE,standard,20.06,1
349,2025-10-19,FR,standard,19.58,0
350,2025-11-02,US,basic,10.54,0
351,2024-12-17,PL,basic,9.52,1
352,2026-02-14,PL,basic,11.29,0
353,2025-07-09,DE,basic,7.61,0
354,2025-03-12,DE,basic,9.18,0
355,2023-12-03,NL,standard,23.06,0
356,2023-11-13,US,basic,9.05,0
357,2025-11-14,BR,standard,19.63,0
358,2024-02-09,FR,standard,18.67,1
359,2026-01-05,IN,standard,20.49,0
360,2024-06-12,US,standard,18.89,0
361,2024-03-20,IN,basic,9.71,0
362,2024-02-10,DE,basic,11.26,0
363,2025-09-12,IN,standard,18.94,0
364,2024-02-07,US,standard,21.17,0
365,2025-12-15,FR,basic,11.22,0
366,2024-12-29,BR,basic,11.57,0
367,2025-02-10,US,standard,20.2,0
368,2025-06-24,US,standard,24.85,0
369,2026-03-06,US,basic,11.57,0
370,2024-05-23,DE,basic,10.48,0
371,2025-06-07,US,premium,38.68,0
372,2024-08-27,ES,basic,9.84,0
373,2025-04-03,FR,premium,42.13,0
374,2025-05-04,PL,basic,12.55,0
375,2024-02-13,ES,standard,22.21,0
376,2026-01-02,US,basic,11.17,0
377,2024-06-23,IN,basic,8.11,0
378,2024-06-14,NL,premium,40.72,0
379,2025-04-29,IN,basic,8.13,0
380,2025-08-09,FR,premium,37.76,0
381,2026-03-21,FR,basic,10.35,0
382,2023-12-31,US,premium,40.77,0
383,2023-12-22,BR,premium,41.35,0
384,2025-08-28,ES,standard,20.74,0
385,2026-02-26,ES,basic,10.79,0
386,2025-12-09,US,standard,18.51,0
387,2026-01-26,IN,standard,19.83,0
388,2024-04-01,DE,premium,37.73,0
389,2024-02-09,NL,basic,6.98,0
390,2025-11-12,US,basic,11.1,0
391,2024-06-14,ES,basic,8.86,0
392,2025-10-21,PL,standard,21.3,0
393,2025-05-10,US,premium,41.65,0
394,2024-10-20,US,basic,9.06,0
395,2024-07-07,PL,standard,20.88,0
396,2024-02-24,US,premium,39.0,0
397,2026-02-15,BR,basic,7.22,0
398,2025-10-06,NL,basic,10.17,0
399,2025-07-24,BR,standard,19.28,0
400,2025-06-29,FR,standard,19.33,0
401,2023-11-08,FR,basic,12.95,0
402,2024-05-18,US,standard,17.7,0
403,2025-06-20,ES,standard,20.56,1
404,2023-12-01,DE,premium,38.5,0
405,2025-01-15,US,premium,41.35,0
406,2025-01-14,DE,standard,20.44,0
407,2025-03-13,ES,standard,20.56,0
408,2025-11-20,US,basic,8.57,0
409,2024-01-03,NL,standard,18.84,0
410,2026-03-13,IN,basic,11.38,0
411,2025-10-25,PL,standard,22.65,0
412,2025-09-07,ES,basic,10.71,0
413,2025-07-26,NL,standard,18.64,0
414,2025-12-01,ES,basic,10.5,0
415,2026-03-10,US,basic,13.63,0
416,2024-08-13,PL,basic,10.14,0
417,2023-12-03,BR,standard,22.18,0
418,2025-12-10,BR,standard,18.88,0
419,2025-07-11,NL,basic,9.93,0
420,2025-01-09,ES,premium,40.92,0
421,2024-01-09,IN,premium,40.59,0
422,2024-07-29,FR,basic,8.84,0
423,2024-05-28,FR,standard,18.78,0
424,2024-11-05,FR,basic,11.47,0
425,2025-03-28,DE,basic,11.78,0
426,2025-10-03,FR,standard,22.26,0
427,2024-03-04,US,basic,12.7,0
428,2024-04-25,US,premium,40.19,0
429,2026-03-04,PL,premium,39.52,0
430,2024-07-11,FR,standard,22.02,0
431,2026-01-11,ES,standard,21.06,0
432,2024-06-21,IN,standard,18.52,0
433,2024-04-06,US,premium,38.44,0
434,2025-12-01,US,basic,10.73,0
435,2025-03-13,US,basic,9.72,1
436,2025-12-08,ES,standard,19.95,0
437,2024-11-17,US,basic,11.6,0
438,2024-01-09,BR,basic,11.13,1
439,2026-01-14,ES,basic,11.98,0
440,2025-04-14,ES,standard,17.09,0
441,2023-11-30,US,basic,10.37,0
442,2025-07-07,US,basic,11.03,0
443,2025-11-30,US,basic,7.7,0
444,2025-01-24,US,basic,9.01,1
445,2025-01-07,US,premium,38.73,0
446,2024-08-26,BR,basic,10.02,0
447,2025-06-26,NL,standard,22.43,0
448,2023-12-15,BR,standard,23.02,0
449,2024-12-27,IN,basic,8.77,0
450,2025-07-19,US,standard,20.78,1
451,2023-12-11,PL,standard,20.83,0
452,2024-01-11,IN,standard,20.57,0
453,2025-01-15,NL,basic,10.59,0
454,2026-03-04,ES,basic,10.45,0
455,2024-10-22,DE,premium,42.52,0
456,2024-11-27,US,standard,21.64,0
457,2025-11-17,US,premium,38.4,0
458,2024-09-20,FR,premium,41.18,0
459,2024-03-24,ES,basic,11.33,0
460,2025-12-23,DE,standard,20.46,0
461,2024-07-04,PL,basic,11.69,0
462,2025-11-23,BR,standard,20.27,0
463,2024-06-12,US,basic,10.29,0
464,2025-03-26,DE,basic,10.17,0
465,2026-03-20,IN,standard,16.96,0
466,2023-12-06,IN,standard,19.87,1
467,2025-11-01,FR,standard,18.99,0
468,2024-10-23,US,basic,8.21,0
469,2025-10-19,IN,basic,12.14,0
470,2024-01-04,US,premium,40.75,0
471,2024-06-21,ES,basic,9.95,0
472,2024-04-25,US,basic,9.14,0
473,2025-03-15,US,standard,20.43,0
474,2025-02-12,FR,basic,11.48,1
475,2024-09-20,BR,standard,18.75,0
476,2024-05-12,BR,basic,9.98,0
477,2024-03-19,FR,standard,21.29,0
478,2026-03-10,ES,premium,37.09,0
479,2024-08-25,FR,premium,39.9,0
480,2025-12-21,FR,standard,19.35,0
481,2025-07-18,FR,basic,9.79,0
482,2024-04-03,US,standard,19.24,0
483,2025-08-20,BR,standard,20.2,0
484,2024-05-01,US,standard,22.88,0
485,2025-02-16,IN,standard,19.5,0
486,2025-09-04,US,standard,20.43,0
487,2025-06-08,ES,standard,22.98,0
488,2024-12-19,FR,standard,19.16,0
489,2024-05-29,NL,basic,12.71,0
490,2024-10-14,FR,standard,20.0,0
491,2024-01-04,US,standard,22.66,0
492,2024-03-01,PL,basic,11.12,0
493,2024-06-08,IN,premium,40.45,0
494,2024-10-17,PL,standard,19.89,0
495,2025-07-16,FR,basic,9.05,0
496,2025-04-01,IN,standard,20.1,0
497,2025-12-12,NL,standard,21.34,0
498,2025-05-04,IN,standard,19.97,0
499,2024-01-09,DE,basic,9.52,0
500,2025-03-20,IN,premium,39.61,0
501,2025-12-17,IN,basic,11.48,0
502,2024-09-04,ES,standard,21.83,0
503,2023-12-09,DE,basic,8.99,0
504,2024-03-01,FR,standard,18.99,1
505,2025-07-30,PL,standard,20.56,1
506,2025-02-24,BR,standard,22.28,0
507,2024-12-19,IN,standard,21.71,1
508,2025-08-22,FR,standard,18.11,0
509,2025-08-04,US,standard,19.59,0
510,2025-09-01,IN,basic,8.59,0
511,2023-11-11,US,premium,39.59,0
512,2024-06-14,US,standard,22.4,0
513,2024-03-24,IN,premium,37.86,0
514,2024-04-14,IN,premium,37.56,0
515,2023-12-12,NL,premium,38.75,0
516,2025-12-24,DE,standard,20.42,0
517,2024-02-17,US,standard,20.92,0
518,2026-01-27,ES,basic,10.65,0
519,2025-02-05,US,standard,21.75,1
520,2024-10-24,US,standard,17.35,0
521,2025-05-18,DE,standard,21.77,0
522,2025-11-18,BR,premium,39.52,0
523,2025-10-09,NL,basic,11.09,0
524,2024-04-07,PL,basic,8.0,0
525,2025-06-21,IN,standard,20.0,1
526,2025-06-29,US,basic,10.34,0
527,2024-01-12,DE,basic,11.72,0
528,2025-11-20,FR,basic,7.61,0
529,2024-01-19,US,standard,20.04,0
530,2024-01-14,DE,standard,18.36,0
531,2024-10-21,DE,basic,10.75,0
532,2025-11-01,US,basic,11.16,0
533,2025-11-10,BR,basic,11.92,0
534,2025-07-21,IN,basic,9.19,0
535,2024-11-08,US,standard,21.38,0
536,2025-11-12,FR,standard,22.03,0
537,2025-02-22,PL,basic,7.53,0
538,2025-12-15,IN,standard,20.91,0
539,2024-12-10,PL,basic,11.43,1
540,2026-03-07,FR,basic,9.6,0
541,2024-07-17,PL,premium,38.17,0
542,2026-02-05,DE,standard,21.4,0
543,2025-10-07,DE,premium,38.19,0
544,2025-10-25,US,basic,9.72,0
545,2024-04-02,FR,basic,9.93,0
546,2026-02-07,FR,basic,11.06,0
547,2025-03-17,DE,standard,19.05,0
548,2024-10-27,IN,premium,38.96,0
549,2025-01-01,DE,basic,10.14,0
550,2024-08-10,DE,premium,41.5,0
551,2024-04-26,US,premium,43.42,0
552,2025-04-17,FR,standard,17.73,1
553,2024-04-04,DE,basic,10.46,0
554,2025-06-22,DE,standard,18.36,0
555,2023-11-20,US,basic,11.52,0
556,2025-01-11,PL,standard,18.58,0
557,2024-06-23,ES,standard,18.98,0
558,2024-02-23,FR,premium,39.11,0
559,2024-05-05,IN,standard,19.88,0
560,2024-03-15,NL,standard,20.47,1
561,2024-12-14,ES,standard,20.72,0
562,2026-02-16,IN,standard,19.98,0
563,2025-01-21,NL,premium,38.0,0
564,2025-10-19,NL,basic,11.08,0
565,2024-02-11,PL,premium,39.91,0
566,2025-09-01,FR,standard,21.73,0
567,2025-09-08,US,premium,38.93,0
568,2025-08-21,US,standard,17.59,0
569,2024-09-12,FR,standard,19.94,0
570,2024-11-14,FR,basic,11.93,1
571,2023-12-21,FR,standard,20.23,1
572,2025-03-28,BR,basic,9.69,0
573,2025-07-23,BR,basic,8.68,1
574,2026-02-11,PL,basic,12.63,0
575,2026-03-19,US,basic,8.45,0
576,2025-05-04,US,basic,8.9,0
577,2024-01-10,PL,standard,20.85,0
578,2024-12-25,NL,basic,7.21,0
579,2024-02-07,ES,standard,21.9,0
580,2025-12-27,NL,basic,10.93,0
581,2026-01-03,NL,standard,21.34,0
582,2024-03-30,DE,standard,20.83,0
583,2025-12-23,FR,basic,9.75,0
584,2026-02-08,DE,standard,18.4,0
585,2025-04-08,IN,premium,39.78,0
586,2024-01-11,ES,standard,18.53,0
587,2024-08-03,DE,basic,10.72,0
588,2025-12-29,BR,standard,21.2,0
589,2024-03-27,DE,standard,22.21,0
590,2024-03-22,US,basic,10.55,0
591,2024-04-28,US,standard,21.38,0
592,2024-01-30,US,basic,9.54,0
593,2025-08-29,ES,standard,19.27,0
594,2023-11-24,FR,basic,10.7,0
595,2025-06-19,PL,basic,9.41,0
596,2024-04-27,IN,premium,40.39,0
597,2024-11-06,US,premium,38.4,0
598,2024-05-16,US,premium,38.67,0
599,2024-09-25,PL,premium,40.94,0
600,2024-09-13,DE,basic,11.32,0
601,2024-10-05,NL,basic,8.51,0
602,2024-05-17,US,basic,11.0,0
603,2024-06-21,IN,standard,19.19,0
604,2025-11-28,PL,basic,10.01,0
605,2024-04-06,US,premium,42.12,0
606,2024-12-14,DE,basic,11.2,0
607,2025-06-17,ES,basic,11.18,0
608,2025-01-02,DE,basic,12.85,1
609,2023-12-05,FR,basic,8.93,0
610,2024-03-09,FR,basic,8.51,0
611,2024-03-30,DE,standard,18.91,0
612,2025-02-16,PL,basic,9.61,1
613,2024-05-12,PL,standard,16.46,0
614,2025-04-24,DE,premium,39.68,0
615,2024-08-06,PL,standard,19.17,0
616,2024-09-15,US,standard,21.17,0
617,2025-08-20,US,basic,10.52,0
618,2025-08-06,BR,basic,9.09,0
619,2026-01-31,ES,basic,10.87,1
620,2025-11-24,US,premium,41.07,0
621,2025-03-13,US,standard,18.84,0
622,2025-02-03,BR,basic,9.25,0
623,2025-11-02,PL,basic,6.65,0
624,2025-03-28,US,standard,18.35,0
625,2024-10-16,FR,standard,18.88,0
626,2025-09-04,IN,standard,20.1,0
627,2025-06-04,DE,premium,38.57,0
628,2025-05-10,US,standard,19.22,0
629,2025-01-10,US,standard,18.15,0
630,2025-05-11,FR,basic,10.25,0
631,2024-06-22,FR,basic,10.63,0
632,2025-06-14,NL,premium,40.59,0
633,2025-03-13,IN,standard,20.01,0
634,2025-04-29,IN,basic,7.68,0
635,2025-10-17,ES,standard,19.06,0
636,2024-08-06,FR,basic,9.38,0
637,2025-09-02,FR,standard,19.39,0
638,2025-07-10,ES,basic,10.1,0
639,2024-05-05,DE,standard,22.13,0
640,2023-12-21,IN,standard,21.21,0
641,2024-08-19,IN,basic,8.51,0
642,2024-01-18,US,basic,11.01,0
643,2024-03-12,FR,standard,20.95,0
644,2025-01-31,US,basic,8.78,0
645,2024-05-24,US,basic,11.26,0
646,2025-06-13,FR,standard,19.75,0
647,2025-02-18,DE,basic,7.88,0
648,2024-12-15,PL,basic,10.67,0
649,2023-12-11,NL,basic,10.32,0
650,2024-03-17,PL,premium,39.65,0
651,2025-01-24,DE,basic,9.93,0
652,2024-09-04,DE,basic,8.91,0
653,2025-09-30,DE,basic,10.91,1
654,2024-04-25,US,basic,9.92,0
655,2024-11-29,ES,basic,10.24,0
656,2024-12-17,FR,basic,10.53,0
657,2024-05-28,US,basic,8.26,0
658,2024-09-21,NL,basic,8.65,0
659,2026-01-21,FR,premium,36.68,0
660,2025-07-18,US,basic,10.84,0
661,2025-10-23,US,basic,8.17,0
662,2024-06-24,IN,premium,40.19,0
663,2026-02-23,PL,premium,40.55,0
664,2025-09-30,US,standard,20.89,0
665,2024-10-22,NL,basic,8.18,0
666,2024-07-29,NL,basic,9.89,0
667,2025-01-12,NL,basic,12.5,0
668,2024-03-07,US,basic,12.56,0
669,2024-01-16,US,basic,11.47,0
670,2025-12-01,NL,standard,20.5,0
671,2023-12-18,DE,basic,8.48,0
672,2024-10-07,IN,standard,21.07,0
673,2024-09-18,IN,basic,9.75,1
674,2026-01-02,US,basic,10.83,0
675,2024-09-30,PL,standard,19.04,0
676,2024-07-02,ES,premium,39.73,0
677,2024-11-05,IN,basic,10.24,0
678,2026-01-11,FR,standard,20.36,0
679,2024-12-25,NL,basic,10.73,0
680,2024-01-01,BR,basic,9.12,1
681,2024-07-04,IN,standard,17.98,0
682,2025-11-26,PL,basic,12.43,1
683,2023-12-11,IN,basic,13.72,0
684,2023-12-12,DE,standard,20.66,0
685,2025-10-29,US,basic,8.0,0
686,2024-04-28,US,basic,8.83,0
687,2025-04-06,BR,basic,10.75,0
688,2024-10-25,BR,premium,42.0,1
689,2025-03-03,BR,standard,18.17,0
690,2024-05-14,FR,basic,9.8,0
691,2023-11-09,PL,basic,10.28,0
692,2024-05-03,NL,standard,21.29,0
693,2024-01-05,DE,basic,9.47,0
694,2023-12-23,IN,standard,17.64,0
695,2026-01-06,IN,standard,20.92,0
696,2025-08-17,BR,basic,11.68,0
697,2024-07-05,US,basic,9.87,0
698,2024-10-28,PL,basic,10.6,1
699,2026-02-10,ES,basic,9.28,0
700,2026-01-02,IN,basic,8.72,0
701,2024-12-28,NL,premium,41.53,0
702,2024-10-05,ES,basic,10.57,0
703,2025-10-31,DE,standard,20.73,0
704,2025-10-27,IN,standard,22.24,0
705,2025-12-03,FR,basic,8.41,0
706,2024-11-19,ES,basic,9.16,0
707,2026-03-19,US,basic,10.23,0
708,2024-11-12,FR,standard,19.14,0
709,2025-02-04,NL,basic,11.16,0
710,2025-02-13,DE,standard,19.71,0
711,2024-08-12,PL,premium,38.5,0
712,2024-12-26,FR,standard,20.09,0
713,2024-06-30,ES,premium,40.25,1
714,2024-05-30,NL,standard,21.39,0
715,2024-01-15,DE,premium,40.58,0
716,2024-04-29,PL,standard,20.68,0
717,2024-12-30,DE,standard,20.47,0
718,2025-01-21,IN,standard,19.71,0
719,2025-09-01,IN,premium,38.92,1
720,2024-10-20,PL,basic,10.42,0
721,2025-11-24,US,standard,19.49,0
722,2024-01-05,US,standard,22.52,0
723,2024-03-20,IN,premium,42.0,0
724,2025-12-11,BR,basic,10.94,0
725,2024-05-11,FR,standard,20.56,0
726,2025-12-14,US,standard,19.86,0
727,2024-07-06,DE,premium,38.1,0
728,2026-01-08,NL,basic,9.67,1
729,2025-01-25,US,standard,20.14,0
730,2024-08-30,FR,standard,20.33,0
731,2024-06-29,ES,premium,40.69,0
732,2025-03-26,US,premium,41.37,0
733,2024-01-14,IN,standard,18.95,0
734,2024-05-21,DE,standard,18.97,0
735,2025-09-25,NL,basic,12.17,0
736,2024-08-19,IN,premium,41.15,0
737,2024-06-28,NL,basic,9.4,0
738,2025-06-08,US,standard,19.83,0
739,2024-06-21,BR,standard,19.84,0
740,2024-02-03,PL,basic,10.04,0
741,2024-04-14,DE,basic,10.7,0
742,2024-05-31,US,basic,13.79,0
743,2024-09-19,US,premium,40.27,0
744,2025-08-02,ES,standard,20.98,0
745,2024-05-03,IN,basic,7.46,0
746,2025-05-13,IN,standard,19.26,1
747,2024-12-17,IN,basic,11.83,0
748,2025-06-25,BR,premium,40.59,1
749,2025-06-26,FR,basic,4.99,1
750,2025-11-08,FR,basic,11.0,0
751,2023-12-10,IN,basic,12.87,0
752,2025-11-17,US,standard,17.0,0
753,2026-01-09,NL,basic,12.27,0
754,2024-01-01,PL,standard,15.83,0
755,2024-11-28,DE,basic,11.4,0
756,2025-03-10,BR,basic,9.98,0
757,2024-06-22,US,basic,6.47,0
758,2025-04-26,ES,basic,10.66,0
759,2025-12-04,NL,premium,41.72,0
760,2024-06-29,ES,basic,10.54,0
761,2025-10-23,DE,premium,40.87,0
762,2024-11-29,US,basic,9.37,0
763,2023-12-21,US,basic,7.2,0
764,2024-01-01,US,basic,11.03,0
765,2025-05-16,US,basic,12.61,0
766,2024-05-16,US,standard,21.68,0
767,2024-10-08,ES,standard,17.01,0
768,2025-02-01,US,basic,7.72,0
769,2025-11-24,US,standard,18.72,0
770,2025-05-02,PL,standard,17.6,0
771,2024-09-04,BR,premium,40.06,0
772,2023-11-18,PL,premium,40.58,0
773,2026-03-21,IN,standard,17.84,0
774,2024-07-09,NL,standard,21.16,0
775,2024-03-19,IN,standard,20.89,0
776,2023-12-19,BR,standard,19.17,0
777,2025-03-22,IN,standard,19.73,0
778,2025-12-12,FR,basic,7.07,1
779,2025-08-02,DE,standard,19.49,0
780,2024-03-16,FR,premium,40.0,1
781,2024-02-21,US,basic,10.24,0
782,2024-09-17,PL,standard,20.56,0
783,2025-12-09,DE,premium,40.36,0
784,2025-12-09,US,basic,9.59,0
785,2025-02-02,DE,standard,20.42,0
786,2024-10-30,NL,premium,41.49,0
787,2026-02-25,DE,premium,39.85,0
788,2024-08-06,IN,basic,10.47,0
789,2024-12-07,NL,basic,9.71,0
790,2026-03-15,US,standard,19.02,0
791,2026-01-01,PL,basic,10.77,0
792,2025-02-23,DE,basic,9.16,0
793,2024-07-05,US,basic,10.57,1
794,2024-04-06,IN,basic,10.03,0
795,2025-03-15,NL,standard,19.53,0
796,2025-07-12,DE,standard,19.5,1
797,2023-12-04,BR,standard,19.23,0
798,2025-02-20,DE,standard,17.52,0
799,2025-06-24,BR,basic,10.56,1
800,2025-03-06,IN,basic,10.34,0
801,2026-03-15,IN,basic,11.26,1
802,2025-07-06,IN,basic,9.19,0
803,2025-01-01,US,basic,12.83,0
804,2024-01-16,IN,basic,9.42,0
805,2024-06-21,IN,basic,8.68,0
806,2024-05-15,IN,basic,8.5,0
807,2024-12-06,US,standard,17.39,1
808,2025-12-19,FR,standard,22.29,0
809,2025-04-19,FR,premium,42.05,1
810,2023-11-09,US,standard,20.89,0
811,2026-02-15,US,standard,18.65,1
812,2024-02-20,FR,basic,12.71,0
813,2024-08-07,IN,standard,19.46,0
814,2025-07-21,US,basic,9.59,1
815,2024-05-18,PL,basic,12.15,0
816,2024-03-27,BR,basic,10.98,0
817,2026-02-16,PL,basic,13.29,0
818,2025-12-23,FR,basic,10.36,0
819,2024-08-23,FR,standard,19.39,0
820,2023-11-07,IN,premium,39.07,0
821,2026-03-05,ES,standard,17.22,0
822,2024-08-23,FR,standard,19.57,0
823,2025-11-27,BR,standard,21.71,0
824,2024-09-06,IN,basic,10.89,0
825,2024-09-29,IN,standard,20.02,0
826,2026-01-06,US,standard,18.5,0
827,2024-08-10,BR,basic,10.33,0
828,2024-02-04,FR,basic,11.51,0
829,2024-03-04,ES,premium,40.64,1
830,2026-02-28,FR,standard,20.24,0
831,2025-08-24,FR,basic,8.79,0
832,2025-08-28,ES,standard,21.29,0
833,2025-02-24,FR,basic,5.29,0
834,2025-11-21,US,basic,10.56,0
835,2024-03-12,US,basic,13.85,1
836,2024-05-19,US,basic,7.73,0
837,2024-04-21,US,standard,19.63,0
838,2025-10-04,FR,basic,9.98,0
839,2026-03-13,PL,standard,19.3,0
840,2024-01-23,IN,basic,11.54,0
841,2025-07-17,US,standard,20.7,0
842,2024-09-01,BR,standard,20.22,0
843,2024-01-24,US,standard,21.19,0
844,2026-02-22,ES,standard,20.02,0
845,2026-03-21,US,premium,44.76,0
846,2026-03-21,IN,standard,20.22,0
847,2025-11-09,DE,standard,20.28,0
848,2026-02-09,IN,standard,17.42,0
849,2024-04-11,FR,basic,9.17,0
850,2024-10-14,IN,basic,11.71,0
851,2023-11-24,US,basic,7.99,0
852,2024-04-27,NL,basic,6.75,0
853,2023-12-09,BR,basic,10.04,0
854,2025-08-30,IN,basic,12.05,0
855,2025-07-18,NL,standard,20.05,0
856,2024-03-17,ES,basic,9.49,0
857,2025-08-24,US,standard,17.2,0
858,2026-02-04,DE,basic,10.67,0
859,2024-08-20,DE,standard,20.98,1
860,2024-04-28,DE,basic,7.32,1
861,2023-12-04,BR,basic,11.69,0
862,2024-01-08,ES,basic,11.14,0
863,2025-12-11,ES,standard,21.69,0
864,2024-05-23,BR,basic,10.87,0
865,2024-03-19,IN,premium,40.97,0
866,2024-07-26,NL,basic,10.77,0
867,2024-04-11,ES,standard,21.29,1
868,2024-03-26,US,basic,7.26,1
869,2025-03-02,BR,standard,17.74,0
870,2026-02-19,PL,basic,8.89,0
871,2025-02-22,DE,basic,9.8,0
872,2025-10-01,FR,basic,10.57,0
873,2025-12-17,ES,basic,10.48,0
874,2025-12-07,ES,basic,11.67,0
875,2024-07-27,NL,premium,41.71,1
876,2025-01-11,PL,basic,8.68,0
877,2024-12-11,DE,basic,10.35,0
878,2024-06-15,DE,premium,38.72,0
879,2024-12-04,BR,basic,9.71,0
880,2024-09-23,BR,basic,10.47,0
881,2026-01-10,BR,standard,14.88,0
882,2024-03-15,IN,premium,43.61,1
883,2025-02-28,FR,standard,20.84,0
884,2025-11-10,IN,basic,9.1,0
885,2024-04-17,DE,premium,42.88,0
886,2024-06-24,DE,basic,9.47,1
887,2026-02-07,US,premium,40.19,1
888,2025-10-09,US,premium,39.26,0
889,2026-03-12,NL,premium,42.47,0
890,2025-08-02,FR,basic,9.83,0
891,2025-12-29,US,basic,10.21,0
892,2024-07-16,IN,standard,21.8,0
893,2024-12-26,BR,standard,20.87,0
894,2023-11-24,US,standard,19.91,0
895,2024-06-12,DE,premium,41.66,0
896,2024-10-09,US,standard,23.8,0
897,2025-01-06,IN,basic,10.47,0
898,2026-02-06,DE,basic,10.17,0
899,2026-01-23,US,basic,10.25,0
900,2024-10-05,US,basic,11.96,1
901,2026-03-22,BR,basic,9.09,0
902,2026-02-17,US,standard,19.57,0
903,2025-09-16,NL,standard,17.68,0
904,2024-02-15,US,standard,18.21,0
905,2025-02-19,IN,basic,9.21,1
906,2024-07-16,FR,standard,19.91,0
907,2025-04-01,FR,standard,22.64,0
908,2025-10-26,US,premium,40.79,0
909,2025-05-07,PL,standard,18.62,0
910,2026-01-05,NL,standard,18.9,0
911,2024-05-24,US,standard,22.05,0
912,2025-10-17,US,basic,11.68,0
913,2025-05-02,NL,premium,40.03,0
914,2023-11-24,BR,basic,9.33,0
915,2024-10-26,US,basic,11.68,1
916,2025-02-20,US,basic,8.5,1
917,2024-12-08,IN,standard,20.58,0
918,2024-05-12,IN,standard,23.4,0
919,2025-08-16,BR,standard,20.3,0
920,2024-09-18,ES,basic,8.83,0
921,2024-02-25,FR,basic,10.61,0
922,2024-11-13,DE,premium,39.28,0
923,2025-03-02,FR,basic,7.9,0
924,2025-11-19,DE,premium,41.04,0
925,2025-08-21,US,basic,11.67,1
926,2023-12-23,US,standard,19.52,0
927,2024-12-10,DE,standard,19.42,1
928,2025-07-06,IN,standard,18.55,0
929,2025-03-27,US,basic,9.77,0
930,2024-11-08,FR,premium,39.15,0
931,2024-12-13,IN,standard,18.47,0
932,2024-07-25,IN,standard,22.83,0
933,2025-08-13,PL,standard,20.69,0
934,2024-09-07,PL,basic,10.85,0
935,2025-03-05,IN,standard,21.32,0
936,2023-12-28,US,basic,11.15,0
937,2025-11-08,FR,basic,9.37,0
938,2025-11-16,IN,standard,20.4,0
939,2025-02-17,DE,standard,19.59,0
940,2025-01-07,US,basic,10.65,0
941,2024-08-01,US,basic,10.5,0
942,2025-04-08,FR,basic,9.42,0
943,2024-01-21,FR,basic,8.0,1
944,2025-02-06,US,standard,20.21,0
945,2025-12-03,PL,basic,9.68,0
946,2025-12-12,ES,premium,37.15,0
947,2023-11-30,US,basic,10.75,0
948,2025-11-29,ES,basic,11.44,0
949,2023-12-22,US,premium,43.78,0
950,2025-07-27,ES,basic,9.4,0
951,2026-01-03,ES,basic,9.18,0
952,2025-07-03,US,premium,38.33,1
953,2024-10-07,PL,premium,40.3,0
954,2025-03-18,ES,standard,20.29,0
955,2024-05-11,NL,basic,8.77,1
956,2024-10-10,ES,standard,19.73,0
957,2025-04-11,BR,premium,37.02,0
958,2024-09-19,US,premium,41.38,1
959,2023-12-01,NL,basic,8.83,0
960,2025-04-01,IN,basic,9.94,0
961,2025-11-12,IN,basic,7.85,0
962,2025-04-04,FR,basic,9.12,1
963,2024-03-25,BR,standard,19.57,1
964,2025-09-17,US,basic,9.97,0
965,2023-12-21,IN,basic,10.71,1
966,2024-10-30,US,basic,12.15,1
967,2024-10-18,IN,standard,21.09,0
968,2025-06-23,NL,basic,11.43,0
969,2024-01-15,FR,basic,12.16,1
970,2026-02-22,BR,basic,10.84,0
971,2025-07-09,DE,premium,39.93,0
972,2025-03-26,ES,basic,11.5,0
973,2025-02-03,IN,standard,21.6,0
974,2025-02-06,DE,basic,10.96,0
975,2025-11-17,US,basic,7.81,0
976,2025-09-10,US,basic,8.73,1
977,2026-01-02,FR,basic,9.58,0
978,2024-11-12,ES,basic,11.16,0
979,2025-05-24,IN,standard,19.96,0
980,2024-11-18,US,standard,21.7,0
981,2024-10-28,NL,basic,11.96,1
982,2024-07-23,DE,basic,11.79,0
983,2024-12-05,NL,standard,21.8,1
984,2024-09-08,DE,basic,8.43,0
985,2024-10-31,IN,basic,10.71,0
986,2024-09-04,ES,basic,9.08,0
987,2024-10-05,DE,basic,7.52,0
988,2025-06-23,IN,basic,9.56,0
989,2025-08-23,ES,premium,41.98,0
990,2024-05-09,US,premium,40.68,1
991,2025-05-31,US,premium,43.02,0
992,2024-12-03,IN,basic,10.26,0
993,2025-10-05,DE,basic,13.66,0
994,2025-03-15,US,basic,10.26,0
995,2024-12-20,FR,basic,10.02,1
996,2024-09-27,IN,basic,8.07,1
997,2024-12-23,DE,basic,11.66,1
998,2025-05-16,DE,basic,9.24,1
999,2023-12-10,NL,basic,9.02,1
1000,2025-01-03,BR,basic,11.91,0
1001,2024-04-21,NL,standard,21.73,1
1002,2024-06-23,FR,basic,11.69,0
1003,2024-11-25,ES,premium,39.45,0
1004,2024-02-13,IN,basic,9.91,0
1005,2025-12-04,US,standard,19.9,0
1006,2024-01-14,NL,basic,11.16,0
1007,2024-03-16,FR,standard,22.32,1
1008,2025-01-11,US,basic,10.54,0
1009,2024-06-25,US,basic,12.95,1
1010,2024-12-28,IN,standard,21.34,1
1011,2025-08-04,US,basic,9.64,0
1012,2024-04-29,DE,basic,11.23,0
1013,2025-08-24,US,premium,42.55,0
1014,2025-06-25,FR,basic,12.99,0
1015,2024-12-29,FR,standard,21.77,0
1016,2024-03-27,BR,standard,20.03,0
1017,2025-04-25,DE,basic,9.66,0
1018,2025-01-20,US,basic,10.85,0
1019,2026-02-17,IN,basic,12.5,0
1020,2025-12-15,DE,standard,20.64,0
1021,2026-02-05,IN,basic,10.67,1
1022,2026-01-22,US,basic,10.07,0
1023,2024-02-29,US,basic,9.5,0
1024,2024-03-23,DE,premium,39.75,0
1025,2024-04-09,FR,standard,20.19,0
1026,2026-02-05,FR,premium,42.57,0
1027,2026-01-17,PL,standard,19.63,0
1028,2025-07-24,DE,standard,20.07,0
1029,2024-11-19,BR,standard,18.69,0
1030,2025-06-08,BR,premium,41.06,0
1031,2025-01-25,US,standard,22.04,0
1032,2025-10-26,BR,basic,12.43,0
1033,2024-06-28,DE,standard,20.3,0
1034,2025-06-25,FR,standard,20.85,0
1035,2026-01-27,US,basic,9.76,1
1036,2024-06-17,PL,basic,10.78,1
1037,2024-01-30,ES,basic,10.46,0
1038,2026-03-13,US,premium,40.08,0
1039,2025-03-11,IN,basic,10.2,0
1040,2024-04-05,PL,standard,20.67,0
1041,2024-07-19,DE,basic,9.55,0
1042,2024-03-10,PL,standard,19.63,0
1043,2025-03-29,IN,basic,12.55,0
1044,2025-05-06,ES,premium,44.06,0
1045,2024-07-17,ES,standard,18.18,1
1046,2025-11-12,US,basic,8.1,1
1047,2025-08-29,FR,basic,8.55,0
1048,2024-10-19,BR,basic,9.84,0
1049,2024-08-21,US,basic,11.33,0
1050,2025-12-11,DE,standard,20.88,0
1051,2025-01-07,ES,premium,40.25,0
1052,2025-05-12,US,standard,20.78,0
1053,2025-01-13,FR,standard,18.95,0
1054,2023-12-13,NL,basic,9.62,0
1055,2026-01-18,DE,standard,19.96,0
1056,2023-11-10,FR,premium,37.61,0
1057,2025-02-27,ES,basic,8.25,0
1058,2024-05-23,FR,premium,38.31,0
1059,2025-03-21,US,basic,11.14,0
1060,2025-06-28,US,standard,20.36,0
1061,2024-05-24,ES,premium,40.91,1
1062,2024-08-04,DE,standard,17.23,0
1063,2025-11-20,BR,basic,7.76,0
1064,2024-07-20,US,standard,20.98,0
1065,2024-06-08,FR,basic,5.82,0
1066,2025-04-22,ES,standard,21.83,0
1067,2024-01-10,BR,basic,7.26,1
1068,2024-09-14,ES,standard,21.26,0
1069,2025-06-08,DE,premium,38.66,0
1070,2026-03-16,BR,basic,11.56,0
1071,2024-08-15,NL,basic,14.8,0
1072,2025-09-25,FR,standard,16.58,0
1073,2024-06-05,DE,basic,11.03,1
1074,2024-12-24,NL,basic,7.28,0
1075,2025-02-12,FR,basic,10.63,0
1076,2025-11-03,BR,basic,9.68,1
1077,2024-07-14,ES,standard,20.18,0
1078,2025-11-01,US,standard,18.62,1
1079,2025-03-27,DE,basic,11.16,0
1080,2024-03-28,US,basic,7.82,0
1081,2024-01-15,FR,basic,11.85,0
1082,2023-11-16,US,basic,9.38,0
1083,2023-12-13,IN,standard,17.89,0
1084,2024-11-27,US,basic,12.38,1
1085,2025-10-02,IN,standard,19.89,0
1086,2024-03-26,DE,premium,42.85,0
1087,2024-04-27,DE,standard,21.82,0
1088,2023-11-15,DE,standard,18.79,1
1089,2024-09-05,IN,basic,9.86,0
1090,2025-11-22,FR,basic,10.17,1
1091,2025-01-12,DE,basic,12.28,1
1092,2025-03-01,NL,standard,20.65,0
1093,2024-03-22,BR,standard,20.25,0
1094,2025-04-18,US,basic,9.69,0
1095,2025-06-13,NL,basic,9.91,0
1096,2026-01-15,DE,basic,11.95,0
1097,2024-03-29,US,standard,20.0,0
1098,2024-06-06,FR,standard,19.4,0
1099,2026-02-18,US,standard,19.14,0
1100,2025-03-13,US,premium,39.16,0
1101,2025-02-01,IN,basic,7.89,0
1102,2025-02-10,US,standard,18.86,0
1103,2024-01-16,PL,standard,22.24,0
1104,2025-11-14,ES,basic,9.68,0
1105,2025-07-02,IN,premium,41.05,1
1106,2025-10-19,IN,basic,6.27,1
1107,2025-08-25,IN,standard,20.84,0
1108,2024-01-26,ES,standard,19.75,0
1109,2023-12-28,DE,premium,39.27,0
1110,2026-02-15,US,standard,20.26,0
1111,2024-09-22,BR,basic,9.25,0
1112,2025-09-04,BR,standard,16.8,1
1113,2025-10-09,US,standard,21.37,0
1114,2025-07-14,IN,standard,20.35,0
1115,2025-10-07,US,standard,19.52,0
1116,2025-01-23,ES,basic,8.54,0
1117,2023-11-10,DE,standard,17.79,1
1118,2024-10-31,US,premium,40.33,0
1119,2024-07-04,US,basic,12.41,1
1120,2025-01-20,DE,standard,20.29,0
1121,2026-03-13,DE,premium,37.92,0
1122,2026-01-11,US,standard,20.33,0
1123,2025-08-04,DE,premium,39.91,0
1124,2025-08-26,US,basic,11.29,0
1125,2024-03-24,DE,premium,40.9,0
1126,2024-03-22,FR,basic,5.51,1
1127,2024-03-12,DE,standard,20.81,0
1128,2024-09-17,DE,basic,8.48,0
1129,2024-11-27,US,standard,17.86,0
1130,2024-09-07,US,premium,39.71,0
1131,2025-04-06,US,standard,20.61,1
1132,2024-08-19,IN,standard,17.53,1
1133,2024-05-03,ES,basic,11.05,0
1134,2024-05-31,ES,standard,21.14,0
1135,2024-10-07,BR,standard,20.06,0
1136,2026-02-03,BR,basic,8.69,0
1137,2024-07-03,DE,standard,18.52,0
1138,2025-05-11,PL,premium,41.53,0
1139,2024-06-17,PL,standard,17.72,0
1140,2024-12-11,NL,standard,21.59,0
1141,2024-02-18,NL,basic,9.74,0
1142,2025-06-04,FR,standard,19.85,0
1143,2024-01-05,PL,basic,7.43,0
1144,2024-03-21,PL,basic,9.77,0
1145,2025-06-10,DE,basic,10.91,0
1146,2025-01-30,ES,basic,7.99,0
1147,2024-12-18,US,basic,10.74,0
1148,2024-05-26,ES,standard,20.12,0
1149,2024-08-03,PL,basic,9.02,0
1150,2024-03-14,US,basic,11.27,0
1151,2025-05-08,IN,basic,6.69,0
1152,2025-01-10,US,standard,20.51,0
1153,2025-03-16,PL,basic,12.42,0
1154,2024-01-24,PL,basic,12.15,0
1155,2025-07-03,IN,standard,20.57,0
1156,2024-10-31,NL,basic,9.54,0
1157,2025-12-11,US,premium,39.04,0
1158,2024-03-16,DE,basic,9.54,0
1159,2025-04-25,FR,basic,10.81,0
1160,2025-06-02,US,basic,8.78,0
1161,2024-11-03,FR,standard,21.13,0
1162,2025-01-16,DE,basic,13.19,0
1163,2024-03-18,FR,premium,39.9,0
1164,2024-12-18,FR,basic,7.97,0
1165,2024-12-31,NL,standard,17.97,0
1166,2025-12-24,DE,basic,11.15,0
1167,2026-03-06,NL,basic,9.9,0
1168,2025-04-13,FR,basic,11.31,0
1169,2023-11-08,DE,standard,19.19,0
1170,2024-01-17,BR,basic,11.24,1
1171,2024-09-24,FR,premium,39.75,1
1172,2024-09-23,DE,standard,18.89,0
1173,2025-04-19,BR,premium,39.39,0
1174,2025-10-22,US,basic,8.19,0
1175,2026-03-18,DE,standard,22.97,0
1176,2025-06-04,BR,standard,19.85,0
1177,2025-06-23,FR,standard,20.96,1
1178,2025-10-10,PL,premium,39.18,0
1179,2025-08-12,DE,standard,18.41,0
1180,2026-03-04,ES,premium,39.64,0
1181,2024-10-13,PL,standard,21.64,0
1182,2024-01-09,ES,basic,9.21,0
1183,2024-08-02,PL,standard,18.68,0
1184,2025-03-01,US,standard,20.22,0
1185,2025-03-25,BR,premium,40.74,0
1186,2025-07-01,US,standard,22.45,0
1187,2025-11-22,PL,basic,10.52,0
1188,2024-10-21,BR,basic,10.96,0
1189,2024-11-18,DE,basic,11.07,0
1190,2026-03-19,ES,standard,18.26,1
1191,2025-03-29,US,basic,8.55,0
1192,2025-07-27,BR,standard,18.36,0
1193,2025-10-28,IN,standard,17.99,0
1194,2024-07-22,US,standard,21.18,0
1195,2024-12-23,BR,basic,10.43,0
1196,2024-09-20,PL,standard,20.11,0
1197,2024-07-13,US,basic,6.1,0
1198,2023-11-22,BR,premium,43.07,1
1199,2024-04-26,DE,basic,8.65,0
1200,2024-10-02,IN,basic,13.07,0
1201,2024-02-20,US,basic,7.82,0
1202,2025-02-03,ES,standard,18.77,0
1203,2023-11-20,NL,basic,6.69,0
1204,2024-06-01,US,standard,20.53,0
1205,2024-09-05,DE,standard,18.34,0
1206,2024-01-30,BR,standard,18.38,0
1207,2025-01-01,IN,basic,7.93,0
1208,2024-07-06,FR,basic,11.16,0
1209,2025-07-21,US,basic,11.06,0
1210,2023-12-09,US,basic,12.71,0
1211,2024-09-29,ES,standard,18.96,0
1212,2024-05-14,FR,basic,10.32,0
1213,2025-02-18,NL,basic,8.06,0
1214,2024-03-01,FR,basic,9.49,0
1215,2026-01-20,ES,standard,19.21,0
1216,2025-12-16,US,basic,10.69,0
1217,2025-01-08,US,standard,21.52,0
1218,2024-06-26,ES,basic,11.48,0
1219,2024-04-20,ES,premium,38.73,1
1220,2025-03-08,DE,standard,21.49,1
1221,2024-09-06,DE,basic,9.92,0
1222,2024-11-29,FR,basic,9.5,0
1223,2023-12-10,FR,basic,8.93,0
1224,2024-09-02,US,basic,9.15,0
1225,2025-03-28,NL,basic,12.6,0
1226,2023-12-03,DE,premium,40.45,0
1227,2025-12-22,IN,standard,20.25,0
1228,2023-11-20,US,basic,9.6,0
1229,2025-11-12,US,standard,23.66,0
1230,2025-07-18,IN,basic,11.95,0
1231,2024-04-10,DE,premium,38.91,0
1232,2024-06-25,IN,basic,9.58,0
1233,2023-12-02,US,standard,19.67,0
1234,2024-06-11,ES,standard,20.21,0
1235,2024-09-17,IN,basic,8.94,0
1236,2025-05-28,NL,basic,10.65,0
1237,2026-03-21,US,basic,12.17,0
1238,2025-12-08,DE,premium,38.02,0
1239,2025-07-09,DE,standard,18.3,0
1240,2026-02-18,BR,standard,19.27,0
1241,2025-01-07,DE,standard,19.33,0
1242,2024-05-18,US,standard,22.99,0
1243,2023-12-08,DE,basic,11.49,0
1244,2025-01-23,DE,standard,21.41,0
1245,2024-02-23,FR,standard,19.59,0
1246,2023-11-19,US,basic,9.56,1
1247,2024-03-07,DE,premium,37.81,0
1248,2025-02-14,IN,basic,11.16,1
1249,2025-06-16,FR,basic,10.73,0
1250,2023-11-26,DE,standard,21.92,0
1251,2025-08-27,BR,basic,9.67,0
1252,2025-04-01,PL,basic,9.78,0
1253,2026-01-20,DE,basic,10.25,0
1254,2024-05-04,BR,standard,21.33,1
1255,2024-09-06,ES,premium,37.78,0
1256,2026-01-11,BR,basic,11.09,0
1257,2025-09-13,NL,basic,9.96,0
1258,2024-11-27,PL,basic,8.4,0
1259,2024-12-10,US,premium,36.86,0
1260,2024-04-27,FR,basic,9.79,0
1261,2025-08-06,IN,premium,42.16,0
1262,2024-01-11,ES,premium,42.5,0
1263,2025-03-04,FR,basic,10.52,0
1264,2024-04-09,US,standard,22.93,0
1265,2025-08-30,BR,standard,19.93,0
1266,2026-02-21,US,standard,21.42,0
1267,2026-02-06,IN,basic,9.31,0
1268,2025-05-05,BR,standard,19.22,0
1269,2023-12-17,IN,standard,18.97,0
1270,2026-02-11,NL,standard,16.9,0
1271,2025-05-08,IN,premium,41.92,0
1272,2025-12-20,IN,basic,9.03,0
1273,2024-01-05,IN,standard,18.79,0
1274,2024-08-15,NL,premium,38.22,0
1275,2024-05-31,NL,basic,9.68,0
1276,2024-07-13,US,basic,12.64,0
1277,2024-08-31,BR,basic,13.13,0
1278,2024-05-21,US,premium,37.5,0
1279,2026-03-18,NL,basic,9.46,0
1280,2024-03-03,IN,standard,18.44,0
1281,2024-06-20,FR,basic,11.47,0
1282,2024-06-20,US,basic,10.42,0
1283,2025-04-17,DE,standard,19.04,0
1284,2024-04-28,IN,basic,10.1,0
1285,2025-04-27,US,premium,39.27,0
1286,2026-02-11,US,basic,12.41,0
1287,2024-01-26,NL,premium,40.81,0
1288,2025-09-02,PL,basic,10.99,0
1289,2025-12-27,US,premium,35.99,0
1290,2024-09-30,DE,standard,19.89,0
1291,2025-09-03,ES,basic,13.11,0
1292,2024-03-09,IN,basic,11.98,0
1293,2025-03-04,IN,basic,7.22,0
1294,2026-03-22,DE,standard,19.52,0
1295,2023-12-19,DE,standard,18.19,1
1296,2025-01-02,US,basic,12.56,0
1297,2025-08-09,IN,basic,10.36,0
1298,2024-08-13,US,standard,18.84,0
1299,2024-12-19,US,standard,20.04,0
1300,2026-02-28,IN,standard,16.08,0
1301,2024-06-03,ES,basic,8.36,0
1302,2025-04-10,IN,standard,20.04,0
1303,2024-07-25,FR,premium,41.26,0
1304,2024-02-05,FR,basic,7.08,1
1305,2024-10-10,FR,basic,9.42,0
1306,2024-08-18,DE,basic,11.5,1
1307,2025-08-16,BR,standard,17.81,0
1308,2025-08-31,FR,basic,10.33,0
1309,2025-03-29,BR,premium,40.09,0
1310,2024-03-14,NL,standard,22.56,0
1311,2024-12-24,ES,standard,19.64,0
1312,2025-05-27,US,standard,19.73,0
1313,2024-05-16,FR,basic,11.27,0
1314,2024-03-13,US,standard,18.0,0
1315,2024-01-30,DE,basic,9.66,0
1316,2025-07-08,DE,standard,19.31,1
1317,2024-07-16,US,premium,39.78,0
1318,2024-10-28,PL,standard,21.26,0
1319,2025-02-28,FR,premium,40.82,0
1320,2025-04-14,NL,basic,8.87,0
1321,2025-12-16,US,standard,20.2,0
1322,2025-07-29,US,standard,22.23,0
1323,2024-12-02,FR,standard,18.74,0
1324,2024-02-13,US,basic,10.21,0
1325,2024-03-02,DE,basic,9.7,0
1326,2025-10-13,ES,standard,19.9,0
1327,2024-08-11,US,basic,7.54,0
1328,2026-01-11,US,standard,22.11,0
1329,2024-08-15,BR,premium,38.83,0
1330,2025-06-01,FR,premium,41.53,0
1331,2025-02-27,BR,basic,9.06,0
1332,2024-07-09,DE,premium,39.05,0
1333,2025-03-21,PL,basic,11.81,0
1334,2024-04-22,US,basic,11.48,1
1335,2024-12-16,FR,premium,40.3,0
1336,2023-11-08,IN,basic,11.13,0
1337,2024-09-16,NL,basic,9.56,0
1338,2025-07-11,DE,basic,9.98,1
1339,2024-05-20,BR,standard,19.0,0
1340,2025-04-05,US,standard,21.35,0
1341,2024-12-16,US,basic,8.95,0
1342,2025-11-26,US,basic,12.22,0
1343,2025-12-12,IN,standard,19.52,0
1344,2024-11-10,DE,basic,10.02,0
1345,2025-10-14,IN,standard,21.13,0
1346,2023-11-09,US,premium,40.03,0
1347,2024-03-11,NL,standard,19.54,0
1348,2024-07-24,PL,premium,39.94,0
1349,2024-06-24,US,standard,21.33,0
1350,2024-10-24,US,standard,19.0,0
1351,2026-02-01,US,basic,9.8,0
1352,2025-04-18,NL,basic,10.01,0
1353,2025-01-18,US,standard,21.29,1
1354,2024-01-19,BR,basic,9.84,0
1355,2025-09-16,FR,premium,42.7,0
1356,2025-01-17,PL,standard,19.76,1
1357,2025-05-30,FR,premium,39.63,0
1358,2025-11-29,BR,basic,9.73,0
1359,2025-12-26,ES,standard,18.02,0
1360,2025-05-12,US,standard,18.43,0
1361,2026-01-13,PL,basic,9.19,0
1362,2026-01-26,US,standard,21.69,0
1363,2025-05-24,FR,standard,19.94,0
1364,2025-10-01,NL,premium,39.26,0
1365,2024-11-28,IN,standard,21.83,0
1366,2026-03-10,IN,basic,12.32,0
1367,2025-07-06,DE,basic,11.87,1
1368,2025-02-24,FR,standard,18.71,0
1369,2023-12-09,DE,basic,9.25,0
1370,2024-09-19,BR,basic,12.71,0
1371,2024-02-18,FR,basic,10.35,0
1372,2025-05-31,DE,basic,9.59,0
1373,2025-02-27,DE,standard,21.07,0
1374,2025-03-25,DE,basic,11.5,0
1375,2024-02-12,DE,standard,19.13,0
1376,2023-12-12,US,basic,10.32,0
1377,2023-12-09,NL,standard,21.38,0
1378,2024-06-09,IN,basic,8.25,0
1379,2025-01-12,US,premium,40.01,0
1380,2024-12-10,IN,basic,8.32,0
1381,2023-11-23,NL,standard,18.51,0
1382,2025-07-21,US,basic,9.15,0
1383,2025-05-28,US,basic,10.71,1
1384,2024-02-04,US,basic,9.51,0
1385,2025-04-23,US,premium,39.02,0
1386,2025-09-02,PL,premium,40.07,0
1387,2024-11-23,ES,basic,8.27,0
1388,2025-06-15,US,basic,10.63,0
1389,2024-02-09,IN,standard,21.69,0
1390,2024-01-25,US,standard,19.87,1
1391,2025-07-02,BR,basic,9.69,0
1392,2024-12-20,IN,standard,20.55,0
1393,2023-11-20,DE,standard,16.95,0
1394,2024-06-18,US,standard,20.8,0
1395,2025-09-19,BR,basic,14.64,0
1396,2024-10-28,ES,basic,9.81,0
1397,2024-10-02,DE,basic,9.81,0
1398,2024-09-03,US,standard,21.11,0
1399,2026-03-04,US,basic,12.46,0
1400,2025-07-08,BR,standard,21.45,0
1401,2024-03-12,BR,standard,16.76,0
1402,2025-08-28,PL,standard,20.84,0
1403,2025-07-08,IN,basic,13.85,0
1404,2025-06-18,NL,basic,10.92,0
1405,2025-10-22,PL,basic,8.26,0
1406,2025-11-10,DE,standard,20.41,0
1407,2025-05-28,BR,premium,38.07,0
1408,2024-02-24,DE,basic,11.84,0
1409,2026-03-24,DE,premium,38.56,0
1410,2025-07-22,ES,basic,10.1,0
1411,2026-02-01,IN,basic,8.7,0
1412,2024-11-22,ES,basic,9.17,0
1413,2025-08-19,FR,standard,22.22,0
1414,2024-05-05,BR,basic,10.15,0
1415,2024-11-02,FR,basic,9.15,0
1416,2024-05-13,US,standard,18.27,0
1417,2024-09-19,US,standard,17.18,1
1418,2025-03-09,BR,basic,8.11,0
1419,2024-03-06,US,basic,10.16,0
1420,2025-02-04,ES,standard,21.46,0
1421,2023-12-20,US,basic,9.15,1
1422,2023-11-11,US,basic,12.35,0
1423,2024-10-29,PL,standard,18.91,0
1424,2024-08-16,US,basic,9.63,0
1425,2025-08-15,NL,standard,18.37,0
1426,2024-04-16,IN,basic,11.48,0
1427,2024-08-18,US,basic,13.14,0
1428,2024-01-30,IN,basic,7.35,1
1429,2025-08-05,IN,basic,9.47,1
1430,2024-05-09,IN,basic,11.89,1
1431,2025-02-09,PL,basic,7.82,0
1432,2025-10-15,IN,premium,40.84,0
1433,2025-10-28,BR,standard,21.82,0
1434,2024-11-21,DE,basic,10.11,0
1435,2025-06-21,IN,standard,20.82,0
1436,2025-12-27,ES,standard,22.63,1
1437,2025-03-19,BR,standard,22.91,0
1438,2024-09-03,IN,basic,9.9,0
1439,2025-06-21,FR,basic,9.19,0
1440,2023-12-15,IN,basic,8.61,0
1441,2024-05-16,ES,basic,11.46,1
1442,2025-01-03,US,basic,7.93,0
1443,2024-01-02,US,premium,39.61,0
1444,2025-03-14,BR,premium,40.14,0
1445,2025-11-24,FR,basic,9.24,1
1446,2026-02-22,BR,basic,10.41,0
1447,2023-12-30,US,basic,13.84,0
1448,2023-12-11,FR,standard,19.81,0
1449,2024-06-20,BR,standard,19.34,0
1450,2025-12-26,BR,basic,11.51,0
1451,2025-07-13,IN,premium,40.35,0
1452,2026-02-18,IN,premium,42.15,0
1453,2026-02-09,IN,standard,20.24,0
1454,2025-08-23,PL,standard,19.62,0
1455,2024-11-13,IN,standard,17.31,0
1456,2026-01-27,BR,basic,7.56,0
1457,2023-11-20,IN,basic,7.24,0
1458,2025-02-23,US,standard,20.56,0
1459,2025-08-08,DE,basic,7.95,0
1460,2025-01-01,BR,standard,21.87,0
1461,2024-05-07,NL,basic,10.04,0
1462,2025-06-27,IN,basic,9.62,0
1463,2026-02-12,US,basic,8.72,1
1464,2026-02-09,BR,premium,40.92,0
1465,2024-03-14,US,basic,8.78,1
1466,2025-12-18,IN,basic,8.51,0
1467,2024-09-19,PL,basic,11.77,0
1468,2025-04-25,BR,standard,20.52,0
1469,2024-05-18,BR,premium,39.64,0
1470,2026-02-01,DE,basic,10.95,0
1471,2024-02-03,FR,premium,40.0,0
1472,2024-07-26,NL,basic,10.56,0
1473,2025-02-28,IN,standard,18.76,0
1474,2025-09-26,BR,basic,13.1,0
1475,2023-11-26,DE,standard,19.12,0
1476,2025-07-06,US,standard,22.32,0
1477,2025-01-23,US,standard,19.71,0
1478,2025-04-17,US,basic,11.2,0
1479,2025-09-06,DE,standard,21.09,1
1480,2025-03-28,ES,premium,41.71,0
1481,2025-11-14,BR,basic,8.73,1
1482,2026-03-24,US,standard,21.6,0
1483,2025-07-16,US,standard,22.76,0
1484,2025-12-18,DE,basic,9.6,0
1485,2025-03-30,PL,premium,40.04,0
1486,2024-03-05,FR,basic,9.2,0
1487,2025-11-04,PL,standard,19.47,0
1488,2026-03-24,PL,basic,12.56,0
1489,2025-12-19,US,basic,8.48,1
1490,2025-01-07,IN,standard,18.58,0
1491,2025-07-29,ES,standard,22.41,0
1492,2025-01-24,FR,premium,40.93,0
1493,2026-02-28,US,premium,43.17,0
1494,2025-06-09,ES,basic,9.31,0
1495,2025-04-03,NL,basic,10.18,0
1496,2025-03-15,BR,basic,9.0,0
1497,2024-12-01,BR,basic,10.2,0
1498,2024-05-15,US,standard,17.33,0
1499,2025-02-12,PL,premium,41.02,0
1500,2024-03-24,FR,standard,20.48,0
1501,2024-12-20,US,basic,9.9,0
1502,2025-08-11,IN,basic,9.4,0
1503,2025-09-07,ES,standard,18.65,0
1504,2025-06-18,PL,basic,11.08,0
1505,2024-10-22,DE,basic,8.23,0
1506,2025-08-27,US,basic,10.76,0
1507,2024-01-20,ES,basic,13.1,0
1508,2025-02-01,ES,basic,12.22,0
1509,2024-03-04,BR,standard,17.73,0
1510,2024-08-08,IN,basic,9.18,0
1511,2025-06-08,FR,standard,20.62,1
1512,2025-09-08,FR,standard,19.88,0
1513,2024-06-16,US,premium,37.89,1
1514,2025-06-11,US,basic,10.57,0
1515,2025-08-23,US,basic,9.97,0
1516,2024-01-06,PL,basic,12.86,0
1517,2025-01-30,US,basic,9.61,0
1518,2026-02-11,US,basic,11.74,0
1519,2025-01-19,BR,standard,18.09,0
1520,2025-02-18,US,basic,8.45,0
1521,2024-03-04,US,basic,11.07,0
1522,2024-07-14,BR,basic,11.62,0
1523,2025-10-10,DE,standard,18.55,0
1524,2025-11-15,IN,premium,40.03,0
1525,2024-10-16,NL,standard,17.92,0
1526,2026-02-12,US,standard,19.72,0
1527,2025-06-21,NL,standard,21.25,0
1528,2025-11-25,NL,standard,19.34,1
1529,2026-03-08,PL,basic,9.62,0
1530,2024-01-16,IN,standard,18.3,0
1531,2026-01-06,IN,standard,19.02,0
1532,2026-03-17,IN,basic,12.63,0
1533,2024-01-04,IN,standard,20.1,0
1534,2025-10-13,US,standard,18.49,0
1535,2024-04-14,ES,standard,19.52,0
1536,2026-02-26,BR,basic,7.59,0
1537,2025-11-12,PL,standard,18.47,0
1538,2025-12-19,DE,premium,42.03,0
1539,2024-07-19,US,basic,9.78,1
1540,2024-10-02,BR,basic,12.83,0
1541,2025-02-05,BR,basic,9.85,0
1542,2025-08-27,FR,basic,9.94,0
1543,2026-01-07,DE,premium,40.95,0
1544,2024-11-15,DE,standard,15.98,0
1545,2025-09-06,BR,basic,10.3,0
1546,2024-10-28,DE,basic,9.92,0
1547,2024-08-04,ES,premium,42.22,0
1548,2024-03-16,US,basic,11.44,0
1549,2025-01-20,DE,standard,18.29,0
1550,2026-03-21,DE,basic,11.85,0
1551,2025-07-24,BR,basic,9.6,1
1552,2024-03-13,FR,standard,18.63,0
1553,2024-12-17,IN,basic,10.29,1
1554,2024-10-03,ES,standard,19.69,0
1555,2025-02-20,DE,basic,12.3,0
1556,2025-11-04,IN,standard,20.5,0
1557,2024-02-04,US,standard,20.3,0
1558,2024-05-22,DE,standard,21.34,0
1559,2023-11-11,FR,basic,11.63,0
1560,2024-03-11,US,standard,21.17,0
1561,2025-07-15,IN,premium,42.12,0
1562,2025-08-16,IN,basic,10.9,0
1563,2025-08-21,IN,basic,10.24,0
1564,2024-01-16,BR,standard,21.85,0
1565,2024-11-26,IN,basic,9.85,0
1566,2025-02-23,FR,standard,20.04,0
1567,2023-12-04,US,standard,22.57,0
1568,2024-10-17,US,basic,12.42,0
1569,2024-01-24,IN,standard,19.98,0
1570,2023-11-20,ES,standard,19.31,0
1571,2026-01-15,US,basic,12.18,0
1572,2025-05-15,BR,premium,41.19,1
1573,2024-06-25,IN,basic,10.46,1
1574,2024-04-17,PL,basic,9.51,0
1575,2025-11-16,BR,premium,40.49,0
1576,2025-06-21,IN,basic,9.96,0
1577,2024-12-04,IN,standard,18.99,0
1578,2024-04-29,NL,basic,10.18,0
1579,2025-12-17,US,standard,20.39,0
1580,2024-10-19,ES,basic,9.43,0
1581,2025-07-11,US,standard,21.35,0
1582,2025-09-18,PL,standard,21.92,1
1583,2025-01-01,US,premium,41.44,0
1584,2025-03-30,US,premium,39.58,0
1585,2024-09-18,US,standard,21.12,0
1586,2025-06-22,FR,standard,20.11,1
1587,2024-04-08,DE,standard,18.14,0
1588,2026-01-17,US,premium,41.0,0
1589,2024-03-06,FR,standard,20.21,0
1590,2026-02-28,FR,premium,43.88,0
1591,2024-06-23,PL,basic,12.18,0
1592,2025-05-28,NL,standard,21.06,0
1593,2025-04-26,IN,standard,20.36,0
1594,2026-03-09,US,basic,10.24,0
1595,2024-07-23,DE,basic,8.48,0
1596,2025-11-02,NL,premium,37.38,1
1597,2024-08-29,US,basic,8.68,0
1598,2024-07-03,FR,basic,9.92,0
1599,2024-03-20,ES,basic,6.83,0
1600,2024-07-17,ES,basic,9.17,0
1601,2025-07-06,FR,standard,19.62,0
1602,2024-06-21,IN,premium,39.67,0
1603,2024-04-06,FR,premium,39.0,1
1604,2025-06-23,IN,standard,19.48,0
1605,2025-12-07,US,standard,22.58,0
1606,2024-02-10,US,basic,10.98,0
1607,2025-11-17,IN,premium,39.15,0
1608,2024-10-25,US,basic,9.89,1
1609,2025-09-01,IN,basic,9.95,0
1610,2025-12-06,DE,premium,38.84,0
1611,2024-05-19,NL,premium,38.84,0
1612,2025-11-20,PL,basic,11.51,0
1613,2024-08-19,FR,standard,19.36,0
1614,2024-07-31,PL,basic,8.35,0
1615,2026-02-01,DE,basic,9.93,0
1616,2025-10-26,FR,basic,10.17,1
1617,2024-05-03,US,basic,7.03,0
1618,2025-01-08,NL,standard,19.93,0
1619,2025-12-10,PL,basic,11.29,0
1620,2023-11-14,NL,standard,20.67,0
1621,2025-08-07,NL,basic,13.33,0
1622,2026-03-22,ES,premium,41.87,0
1623,2024-01-11,US,standard,22.16,0
1624,2026-03-11,ES,premium,44.19,0
1625,2024-11-29,BR,basic,11.13,0
1626,2023-11-13,FR,standard,20.23,0
1627,2024-11-08,BR,premium,41.45,0
1628,2024-11-02,DE,basic,9.15,0
1629,2025-04-22,DE,basic,10.15,0
1630,2025-12-05,DE,basic,9.02,0
1631,2024-11-12,US,basic,10.59,0
1632,2024-02-04,FR,basic,9.01,0
1633,2026-01-05,NL,basic,8.96,0
1634,2024-02-19,IN,basic,10.61,0
1635,2025-03-29,BR,standard,19.78,0
1636,2024-12-14,FR,basic,7.1,1
1637,2025-11-02,FR,basic,7.81,0
1638,2024-10-01,US,standard,18.27,0
1639,2025-10-18,PL,basic,8.67,0
1640,2025-07-31,US,basic,10.61,0
1641,2024-07-06,IN,basic,10.32,0
1642,2026-02-10,IN,basic,11.59,0
1643,2025-03-01,BR,basic,11.12,0
1644,2024-10-24,NL,basic,11.6,0
1645,2025-12-01,DE,basic,10.9,1
1646,2025-07-12,NL,premium,40.3,0
1647,2025-05-31,IN,premium,41.64,0
1648,2024-08-25,PL,basic,11.37,0
1649,2023-11-27,IN,basic,10.55,1
1650,2024-03-28,NL,basic,11.9,0
1651,2025-10-11,ES,premium,36.47,0
1652,2026-03-10,FR,standard,19.55,0
1653,2026-02-08,PL,basic,9.53,0
1654,2024-10-23,IN,basic,11.72,0
1655,2025-11-10,FR,basic,12.35,0
1656,2025-09-05,ES,premium,37.81,0
1657,2024-03-18,FR,premium,42.11,0
1658,2024-02-24,BR,basic,8.23,0
1659,2024-03-26,US,standard,18.28,0
1660,2025-08-17,US,basic,9.64,0
1661,2024-10-02,NL,standard,19.51,0
1662,2024-10-10,FR,premium,37.65,0
1663,2025-10-15,FR,basic,10.96,0
1664,2024-11-29,DE,basic,11.01,0
1665,2024-12-24,FR,standard,21.57,0
1666,2025-04-15,PL,basic,9.34,0
1667,2024-06-10,NL,standard,19.93,0
1668,2024-08-13,US,basic,9.94,0
1669,2024-12-17,BR,premium,42.52,0
1670,2024-07-02,FR,basic,5.74,0
1671,2024-05-31,IN,basic,8.55,0
1672,2024-11-17,FR,basic,10.0,1
1673,2025-08-05,FR,basic,8.36,0
1674,2024-06-04,FR,basic,9.6,0
1675,2024-07-09,BR,standard,19.8,1
1676,2023-11-21,BR,basic,9.0,0
1677,2025-11-15,FR,basic,10.09,0
1678,2025-03-26,PL,basic,10.93,0
1679,2024-01-11,IN,basic,9.64,0
1680,2025-01-02,DE,premium,39.31,0
1681,2023-12-26,PL,premium,39.74,0
1682,2026-03-15,NL,basic,9.98,1
1683,2026-02-23,US,standard,17.38,0
1684,2024-05-02,BR,standard,20.68,0
1685,2025-05-18,DE,premium,39.31,0
1686,2024-12-28,IN,basic,11.88,0
1687,2025-03-18,US,basic,10.88,0
1688,2025-04-05,IN,basic,11.75,0
1689,2023-12-29,DE,premium,38.47,0
1690,2026-01-03,BR,standard,19.43,0
1691,2024-05-23,ES,basic,8.13,0
1692,2024-02-10,FR,basic,8.93,0
1693,2024-08-31,NL,standard,21.87,0
1694,2025-04-16,ES,premium,42.22,0
1695,2025-11-06,NL,basic,8.27,1
1696,2024-08-09,US,standard,19.3,0
1697,2025-02-11,PL,basic,9.88,0
1698,2025-11-16,US,basic,10.87,0
1699,2025-05-17,FR,standard,17.35,0
1700,2023-12-10,NL,standard,17.59,0
1701,2025-08-07,IN,premium,40.72,0
1702,2025-10-21,BR,basic,7.07,0
1703,2024-08-09,FR,basic,9.32,0
1704,2025-10-03,PL,basic,10.23,0
1705,2024-01-15,IN,basic,10.61,1
1706,2024-03-08,FR,basic,9.78,1
1707,2023-11-21,NL,basic,9.44,1
1708,2024-01-22,US,basic,11.26,0
1709,2025-08-25,US,basic,10.42,0
1710,2025-09-22,IN,basic,9.02,0
1711,2025-05-31,ES,standard,20.05,0
1712,2025-02-10,DE,basic,10.56,1
1713,2024-02-19,DE,standard,22.57,1
1714,2024-06-25,US,premium,41.17,0
1715,2024-09-11,NL,standard,21.81,0
1716,2024-02-20,US,basic,9.07,0
1717,2024-09-10,BR,basic,9.2,0
1718,2025-04-30,ES,standard,19.64,0
1719,2025-03-31,US,standard,19.77,0
1720,2024-12-31,BR,basic,8.48,0
1721,2026-01-07,BR,basic,11.89,0
1722,2024-06-18,PL,standard,21.32,0
1723,2024-09-04,DE,basic,9.53,0
1724,2024-06-27,FR,standard,20.95,0
1725,2024-12-16,US,basic,10.32,0
1726,2024-05-13,IN,basic,11.07,1
1727,2023-12-20,PL,standard,17.97,0
1728,2024-11-15,US,basic,9.77,0
1729,2025-03-04,FR,standard,19.9,0
1730,2025-12-24,NL,basic,10.93,0
1731,2024-05-17,US,basic,9.05,0
1732,2024-01-29,DE,premium,36.24,0
1733,2024-07-25,BR,basic,8.37,1
1734,2024-03-02,DE,basic,9.9,0
1735,2024-03-06,DE,premium,40.09,0
1736,2024-04-30,FR,standard,22.52,0
1737,2025-01-12,US,standard,20.86,0
1738,2025-12-29,BR,basic,10.11,0
1739,2026-03-23,IN,basic,9.94,0
1740,2025-09-29,BR,standard,21.65,0
1741,2025-03-16,US,basic,9.1,0
1742,2024-06-17,NL,basic,9.78,1
1743,2025-02-22,US,standard,18.36,0
1744,2026-03-05,PL,basic,12.12,0
1745,2025-09-23,DE,basic,10.58,0
1746,2023-11-25,PL,basic,8.93,0
1747,2023-11-17,US,basic,9.82,0
1748,2025-05-01,US,standard,20.75,0
1749,2024-04-24,FR,premium,39.61,0
1750,2024-07-08,US,basic,9.19,0
1751,2024-01-05,US,basic,9.01,0
1752,2024-02-12,IN,standard,20.5,0
1753,2024-09-24,PL,basic,9.45,0
1754,2025-04-16,US,standard,19.31,0
1755,2024-09-26,NL,premium,37.99,0
1756,2025-06-21,PL,standard,20.11,0
1757,2025-05-27,NL,basic,9.72,0
1758,2024-10-12,IN,premium,39.51,0
1759,2024-11-13,IN,basic,10.29,0
1760,2024-11-05,BR,premium,41.11,0
1761,2025-04-25,IN,standard,21.04,0
1762,2025-04-04,NL,standard,20.82,1
1763,2026-03-17,US,premium,39.63,0
1764,2024-10-18,DE,standard,19.14,0
1765,2024-11-10,US,basic,8.42,0
1766,2024-01-02,ES,basic,9.1,0
1767,2025-01-11,FR,standard,20.02,0
1768,2025-02-12,IN,standard,18.81,1
1769,2026-01-26,NL,basic,10.13,0
1770,2025-10-05,ES,standard,18.54,0
1771,2025-06-04,US,standard,17.5,0
1772,2025-05-01,PL,basic,11.22,0
1773,2025-05-14,NL,basic,9.28,1
1774,2025-04-17,US,basic,8.73,1
1775,2024-05-26,IN,basic,8.35,0
1776,2025-12-01,DE,basic,10.62,1
1777,2025-06-09,IN,basic,12.05,0
1778,2025-11-04,BR,basic,9.39,0
1779,2025-07-01,DE,basic,9.67,0
1780,2024-08-07,US,standard,21.6,0
1781,2026-02-13,US,basic,7.27,0
1782,2025-06-03,US,premium,42.94,0
1783,2026-03-05,IN,premium,43.66,0
1784,2023-12-16,DE,standard,15.93,0
1785,2024-07-01,US,premium,39.84,0
1786,2025-08-26,IN,premium,38.91,0
1787,2025-10-04,IN,basic,9.59,0
1788,2025-12-29,BR,standard,19.36,0
1789,2025-02-07,ES,basic,11.21,0
1790,2024-06-08,FR,standard,19.82,0
1791,2024-11-02,PL,standard,18.62,0
1792,2024-02-18,US,basic,9.73,0
1793,2025-05-30,IN,basic,10.76,0
1794,2025-07-27,ES,premium,38.21,0
1795,2025-02-03,NL,basic,7.52,1
1796,2025-10-01,BR,basic,12.98,0
1797,2023-11-28,IN,basic,9.03,0
1798,2025-10-15,DE,basic,9.78,0
1799,2025-02-02,IN,premium,39.39,1
1800,2024-12-26,PL,standard,20.81,1
1801,2026-02-04,ES,basic,12.65,0
1802,2025-02-11,FR,basic,10.86,0
1803,2025-02-23,US,basic,7.71,0
1804,2025-08-12,BR,basic,7.91,0
1805,2025-12-04,US,standard,19.39,0
1806,2026-02-14,DE,standard,19.59,1
1807,2026-03-18,DE,basic,7.41,0
1808,2025-01-31,IN,standard,21.22,1
1809,2026-01-06,US,basic,8.36,0
1810,2023-12-12,US,standard,22.23,0
1811,2025-08-25,US,standard,22.72,0
1812,2024-09-04,NL,standard,19.62,0
1813,2024-08-17,IN,standard,20.65,0
1814,2025-01-18,US,premium,38.14,0
1815,2024-02-16,US,basic,10.93,0
1816,2025-12-19,BR,basic,9.24,0
1817,2025-09-03,DE,basic,8.36,0
1818,2025-08-18,BR,standard,19.56,0
1819,2025-11-28,FR,standard,19.29,0
1820,2025-07-12,ES,standard,19.5,0
1821,2025-06-26,DE,standard,21.41,0
1822,2024-05-29,IN,basic,8.81,0
1823,2025-07-06,US,standard,22.59,0
1824,2024-02-22,ES,standard,18.0,0
1825,2024-05-22,ES,basic,12.41,0
1826,2024-01-31,IN,basic,8.47,0
1827,2025-12-24,FR,basic,9.99,0
1828,2023-11-20,US,basic,9.25,0
1829,2024-10-07,PL,standard,19.47,0
1830,2023-11-22,IN,premium,41.19,0
1831,2025-05-21,US,standard,22.24,0
1832,2023-12-17,FR,basic,11.78,0
1833,2024-10-29,FR,standard,19.38,1
1834,2026-01-22,PL,standard,20.27,0
1835,2025-04-03,IN,basic,8.82,0
1836,2025-11-26,IN,standard,18.5,0
1837,2023-12-28,IN,basic,8.27,1
1838,2025-07-04,DE,basic,9.33,0
1839,2025-09-13,DE,basic,10.36,0
1840,2024-11-29,US,basic,7.12,0
1841,2025-03-21,PL,premium,39.92,0
1842,2025-12-31,FR,basic,12.26,0
1843,2024-04-14,FR,basic,11.67,1
1844,2024-03-20,DE,basic,9.11,0
1845,2024-06-17,US,basic,7.89,0
1846,2024-10-05,BR,basic,10.68,0
1847,2025-04-09,US,basic,6.51,0
1848,2024-12-09,US,standard,21.66,0
1849,2024-12-27,PL,basic,9.67,1
1850,2025-11-02,DE,standard,22.74,0
1851,2026-01-13,FR,basic,7.4,0
1852,2025-08-17,FR,standard,21.37,0
1853,2025-02-23,PL,standard,19.84,0
1854,2025-11-06,DE,basic,9.49,1
1855,2025-12-23,IN,basic,7.94,0
1856,2024-03-14,ES,premium,40.88,0
1857,2025-05-03,IN,basic,11.0,0
1858,2024-11-02,FR,standard,22.67,0
1859,2024-12-25,IN,basic,11.5,0
1860,2024-06-24,FR,basic,9.1,0
1861,2024-06-20,FR,standard,18.48,1
1862,2025-07-11,BR,premium,37.94,0
1863,2024-03-18,DE,basic,12.2,0
1864,2025-05-07,US,standard,18.82,0
1865,2024-03-29,FR,standard,22.21,0
1866,2025-04-07,US,basic,10.78,1
1867,2025-12-19,FR,basic,10.48,0
1868,2024-06-02,BR,basic,9.53,0
1869,2026-02-27,ES,basic,10.98,0
1870,2024-05-23,US,standard,19.97,1
1871,2026-02-16,IN,basic,9.44,1
1872,2025-09-27,FR,basic,11.03,0
1873,2024-10-17,US,standard,19.77,0
1874,2023-12-27,DE,standard,18.79,0
1875,2025-04-04,US,standard,20.89,0
1876,2025-12-11,US,standard,19.89,0
1877,2025-09-04,DE,basic,10.72,0
1878,2024-02-05,FR,standard,19.31,1
1879,2024-07-01,BR,basic,8.18,1
1880,2025-12-28,US,basic,12.59,0
1881,2025-04-25,US,basic,12.31,0
1882,2025-08-07,US,standard,21.32,0
1883,2025-10-22,BR,standard,19.41,0
1884,2024-03-19,DE,basic,9.54,1
1885,2024-10-04,BR,premium,42.06,0
1886,2025-10-20,US,premium,39.46,1
1887,2024-09-05,US,basic,9.04,0
1888,2025-03-31,ES,standard,22.8,0
1889,2026-01-31,US,basic,9.92,0
1890,2025-02-27,US,premium,42.64,1
1891,2025-10-15,US,basic,7.89,0
1892,2025-08-24,ES,basic,10.77,0
1893,2024-02-20,IN,basic,13.1,0
1894,2024-07-16,IN,basic,10.03,0
1895,2025-11-29,ES,standard,19.59,0
1896,2024-03-15,US,standard,18.24,0
1897,2024-11-11,ES,basic,11.61,0
1898,2024-02-24,US,standard,18.83,0
1899,2024-06-14,IN,premium,39.85,0
1900,2025-06-03,FR,standard,18.14,0
1901,2024-12-15,FR,standard,22.33,1
1902,2024-12-19,ES,basic,11.72,0
1903,2024-07-07,US,basic,9.94,0
1904,2025-08-21,ES,premium,38.26,0
1905,2025-06-09,DE,standard,22.29,0
1906,2025-08-25,IN,standard,19.44,0
1907,2025-07-11,ES,premium,38.33,0
1908,2025-11-05,US,basic,7.35,1
1909,2026-02-22,ES,standard,19.02,0
1910,2023-12-29,BR,basic,7.81,0
1911,2026-01-20,IN,basic,9.06,0
1912,2024-02-12,US,basic,11.11,0
1913,2026-03-23,BR,basic,9.43,0
1914,2024-05-18,IN,premium,40.52,0
1915,2025-06-13,FR,basic,8.9,0
1916,2024-12-30,US,standard,20.09,0
1917,2025-07-23,DE,standard,22.87,0
1918,2025-01-23,NL,standard,19.47,0
1919,2025-02-26,US,premium,40.57,0
1920,2024-12-20,IN,basic,7.64,0
1921,2025-04-17,ES,basic,12.27,0
1922,2024-12-14,US,basic,9.27,0
1923,2024-04-06,US,basic,11.57,0
1924,2025-03-12,IN,premium,39.81,0
1925,2025-05-15,US,basic,10.91,1
1926,2025-12-01,BR,basic,11.0,0
1927,2025-05-17,IN,basic,9.31,0
1928,2025-12-06,BR,standard,21.63,0
1929,2025-10-18,DE,standard,18.85,0
1930,2023-12-18,IN,basic,11.16,0
1931,2026-01-07,BR,standard,19.4,1
1932,2025-01-30,US,standard,20.51,0
1933,2024-03-30,BR,standard,19.3,0
1934,2023-12-17,NL,basic,10.06,0
1935,2025-11-18,IN,standard,18.38,0
1936,2025-11-03,FR,basic,10.36,0
1937,2025-05-05,DE,basic,10.06,1
1938,2024-11-28,US,standard,19.18,0
1939,2023-12-11,DE,standard,19.91,0
1940,2025-09-26,US,basic,10.19,0
1941,2025-11-02,ES,premium,39.07,0
1942,2025-08-17,US,basic,9.8,0
1943,2024-02-24,PL,standard,18.48,0
1944,2026-02-27,US,premium,43.51,0
1945,2025-04-29,DE,standard,21.58,0
1946,2025-12-12,FR,standard,20.4,0
1947,2025-11-09,DE,standard,21.75,0
1948,2024-01-18,PL,standard,17.02,0
1949,2026-03-24,ES,standard,16.15,0
1950,2025-06-19,NL,standard,19.39,0
1951,2024-01-19,US,basic,7.92,0
1952,2024-10-12,PL,standard,19.64,0
1953,2026-01-22,US,basic,10.3,0
1954,2025-02-14,NL,premium,41.37,0
1955,2023-12-02,BR,basic,8.28,0
1956,2025-04-11,DE,basic,10.59,0
1957,2024-12-21,US,premium,40.01,0
1958,2024-12-18,US,basic,10.51,0
1959,2024-08-28,DE,basic,9.21,0
1960,2025-10-14,NL,standard,22.06,0
1961,2024-03-25,PL,basic,9.83,0
1962,2023-11-16,ES,basic,12.65,0
1963,2025-11-21,US,standard,18.8,1
1964,2024-04-13,BR,basic,11.1,0
1965,2024-04-14,DE,basic,9.9,0
1966,2024-06-18,BR,basic,9.5,0
1967,2025-05-07,DE,basic,10.94,0
1968,2025-02-11,DE,basic,9.54,1
1969,2024-03-25,BR,basic,6.0,0
1970,2025-11-12,US,standard,15.4,0
1971,2024-04-03,FR,standard,21.9,1
1972,2024-01-15,IN,basic,11.84,0
1973,2024-08-09,US,basic,12.82,0
1974,2025-06-01,ES,premium,39.96,0
1975,2024-11-24,BR,standard,18.05,0
1976,2026-02-10,PL,basic,9.36,0
1977,2024-01-05,IN,basic,10.01,0
1978,2025-06-01,IN,basic,8.48,0
1979,2026-02-04,IN,standard,22.46,0
1980,2024-05-03,NL,premium,43.35,0
1981,2024-08-30,IN,premium,40.71,0
1982,2024-09-30,DE,basic,9.97,0
1983,2026-02-06,US,basic,8.05,0
1984,2024-06-10,IN,basic,12.31,0
1985,2024-09-17,US,basic,10.1,0
1986,2024-05-04,DE,basic,9.56,0
1987,2024-04-05,US,standard,20.71,0
1988,2025-09-22,BR,basic,9.11,1
1989,2025-09-23,US,premium,40.21,0
1990,2024-01-12,IN,basic,7.83,0
1991,2024-12-19,PL,basic,11.62,0
1992,2025-03-09,PL,premium,39.83,1
1993,2025-07-19,DE,standard,21.73,0
1994,2024-09-16,BR,basic,9.69,0
1995,2024-06-08,BR,standard,19.79,0
1996,2026-03-23,FR,basic,8.17,0
1997,2024-11-30,IN,basic,11.13,0
1998,2023-11-12,US,basic,8.68,0
1999,2025-07-24,ES,basic,9.26,0
2000,2025-07-24,US,standard,19.99,0
